wordpress_attachment_id,legacy_url,expected_relative_path,actual_archive_path,filename,mime_type,alt_text,caption,master_asset,derivative_count,referenced_by_content,status,notes
13,https://onixdatacentres.com/wp-content/uploads/2021/10/AdobeStock_341274506_Preview.jpeg,2021/10/AdobeStock_341274506_Preview.jpeg,2021/10/AdobeStock_341274506_Preview.jpeg,AdobeStock_341274506_Preview.jpeg,,,,yes,3,no,UNUSED,not referenced by scoped content scan
18,https://onixdatacentres.com/wp-content/uploads/2021/10/onix-logo.png,2021/10/onix-logo.png,2021/10/onix-logo.png,onix-logo.png,,,,yes,6,no,UNUSED,not referenced by scoped content scan
19,https://onixdatacentres.com/wp-content/uploads/2021/10/cropped-onix-logo.png,2021/10/cropped-onix-logo.png,2021/10/cropped-onix-logo.png,cropped-onix-logo.png,,,,yes,7,no,UNUSED,not referenced by scoped content scan
20,https://onixdatacentres.com/wp-content/uploads/2021/10/cropped-cropped-onix-logo.png,2021/10/cropped-cropped-onix-logo.png,2021/10/cropped-cropped-onix-logo.png,cropped-cropped-onix-logo.png,,,,yes,6,no,UNUSED,not referenced by scoped content scan
49,https://onixdatacentres.com/wp-content/uploads/2021/10/AdobeStock_341274506_Preview-1.jpeg,2021/10/AdobeStock_341274506_Preview-1.jpeg,2021/10/AdobeStock_341274506_Preview-1.jpeg,AdobeStock_341274506_Preview-1.jpeg,,,,yes,3,no,UNUSED,not referenced by scoped content scan
156,https://onixdatacentres.com/wp-content/uploads/2021/10/business-black-office-businessman-man-laptop-coach-coaching-entrepreneur_t20_PJ2ZX7-scaled.jpg,2021/10/business-black-office-businessman-man-laptop-coach-coaching-entrepreneur_t20_PJ2ZX7-scaled.jpg,2021/10/business-black-office-businessman-man-laptop-coach-coaching-entrepreneur_t20_PJ2ZX7-scaled.jpg,business-black-office-businessman-man-laptop-coach-coaching-entrepreneur_t20_PJ2ZX7-scaled.jpg,,,,no,6,no,UNUSED,not referenced by scoped content scan
236,https://onixdatacentres.com/wp-content/uploads/2021/10/onix_red.png,2021/10/onix_red.png,2021/10/onix_red.png,onix_red.png,,,,yes,6,no,UNUSED,not referenced by scoped content scan
313,https://onixdatacentres.com/wp-content/uploads/2021/10/data-center-server-cloud-technology-network-business-digital-system-line-database-service-security_t20_E0e9P4-scaled.jpg,2021/10/data-center-server-cloud-technology-network-business-digital-system-line-database-service-security_t20_E0e9P4-scaled.jpg,2021/10/data-center-server-cloud-technology-network-business-digital-system-line-database-service-security_t20_E0e9P4-scaled.jpg,data-center-server-cloud-technology-network-business-digital-system-line-database-service-security_t20_E0e9P4-scaled.jpg,,,Data center drawing Business technology concept Digital design Futuristic information Server room 3d render,no,6,no,UNUSED,not referenced by scoped content scan
333,https://onixdatacentres.com/wp-content/uploads/2021/10/image-removebg-preview-2.png,2021/10/image-removebg-preview-2.png,2021/10/image-removebg-preview-2.png,image-removebg-preview-2.png,,,,yes,2,no,UNUSED,not referenced by scoped content scan
449,https://onixdatacentres.com/wp-content/uploads/2021/10/SIEMENS.jpg,2021/10/SIEMENS.jpg,2021/10/SIEMENS.jpg,SIEMENS.jpg,,,,yes,1,yes,FOUND,
450,https://onixdatacentres.com/wp-content/uploads/2021/10/KOHLER.jpeg,2021/10/KOHLER.jpeg,2021/10/KOHLER.jpeg,KOHLER.jpeg,,,,yes,1,yes,FOUND,
451,https://onixdatacentres.com/wp-content/uploads/2021/10/Schneider.jpeg,2021/10/Schneider.jpeg,2021/10/Schneider.jpeg,Schneider.jpeg,,,,yes,1,yes,FOUND,
452,https://onixdatacentres.com/wp-content/uploads/2021/10/EATON.jpeg,2021/10/EATON.jpeg,2021/10/EATON.jpeg,EATON.jpeg,,,,yes,1,yes,FOUND,
453,https://onixdatacentres.com/wp-content/uploads/2021/10/DAIKIN.jpeg,2021/10/DAIKIN.jpeg,2021/10/DAIKIN.jpeg,DAIKIN.jpeg,,,,yes,1,yes,FOUND,
454,https://onixdatacentres.com/wp-content/uploads/2021/10/CKR.jpeg,2021/10/CKR.jpeg,2021/10/CKR.jpeg,CKR.jpeg,,,,yes,1,yes,FOUND,
455,https://onixdatacentres.com/wp-content/uploads/2021/10/AIIM-e1651824136624.png,2021/10/AIIM-e1651824136624.png,2021/10/AIIM-e1651824136624.png,AIIM-e1651824136624.png,,,,yes,0,no,UNUSED,not referenced by scoped content scan
456,https://onixdatacentres.com/wp-content/uploads/2021/10/Vertiv.jpeg,2021/10/Vertiv.jpeg,2021/10/Vertiv.jpeg,Vertiv.jpeg,,,,yes,1,yes,FOUND,
457,https://onixdatacentres.com/wp-content/uploads/2021/10/Uptime.jpeg,2021/10/Uptime.jpeg,2021/10/Uptime.jpeg,Uptime.jpeg,,,,yes,1,yes,FOUND,
533,https://onixdatacentres.com/wp-content/uploads/2021/10/modern-essentials-798265-unsplash.jpg,2021/10/modern-essentials-798265-unsplash.jpg,2021/10/modern-essentials-798265-unsplash.jpg,modern-essentials-798265-unsplash.jpg,,,,yes,4,no,UNUSED,not referenced by scoped content scan
534,https://onixdatacentres.com/wp-content/uploads/2021/10/modern-essentials-792821-unsplash.jpg,2021/10/modern-essentials-792821-unsplash.jpg,2021/10/modern-essentials-792821-unsplash.jpg,modern-essentials-792821-unsplash.jpg,,,,yes,5,no,UNUSED,not referenced by scoped content scan
535,https://onixdatacentres.com/wp-content/uploads/2021/10/modern-essentials-1064966-unsplash.jpg,2021/10/modern-essentials-1064966-unsplash.jpg,2021/10/modern-essentials-1064966-unsplash.jpg,modern-essentials-1064966-unsplash.jpg,,,,yes,5,no,UNUSED,not referenced by scoped content scan
651,https://onixdatacentres.com/wp-content/uploads/2021/10/austin-johnson-275715-unsplash.jpg,2021/10/austin-johnson-275715-unsplash.jpg,2021/10/austin-johnson-275715-unsplash.jpg,austin-johnson-275715-unsplash.jpg,,,,yes,4,no,UNUSED,not referenced by scoped content scan
652,https://onixdatacentres.com/wp-content/uploads/2021/10/zz-teammember.jpg,2021/10/zz-teammember.jpg,2021/10/zz-teammember.jpg,zz-teammember.jpg,,,,yes,4,no,UNUSED,not referenced by scoped content scan
653,https://onixdatacentres.com/wp-content/uploads/2021/10/placeholder.png,2021/10/placeholder.png,2021/10/placeholder.png,placeholder.png,,,,yes,4,no,UNUSED,not referenced by scoped content scan
654,https://onixdatacentres.com/wp-content/uploads/2021/10/zz-teammember2.jpg,2021/10/zz-teammember2.jpg,2021/10/zz-teammember2.jpg,zz-teammember2.jpg,,,,yes,4,no,UNUSED,not referenced by scoped content scan
655,https://onixdatacentres.com/wp-content/uploads/2021/10/zz-teammember-1.jpg,2021/10/zz-teammember-1.jpg,2021/10/zz-teammember-1.jpg,zz-teammember-1.jpg,,,,yes,4,no,UNUSED,not referenced by scoped content scan
656,https://onixdatacentres.com/wp-content/uploads/2021/10/zz-teammember4.jpg,2021/10/zz-teammember4.jpg,2021/10/zz-teammember4.jpg,zz-teammember4.jpg,,,,yes,4,no,UNUSED,not referenced by scoped content scan
657,https://onixdatacentres.com/wp-content/uploads/2021/10/zz-teammember2-1.jpg,2021/10/zz-teammember2-1.jpg,2021/10/zz-teammember2-1.jpg,zz-teammember2-1.jpg,,,,yes,4,no,UNUSED,not referenced by scoped content scan
658,https://onixdatacentres.com/wp-content/uploads/2021/10/zz-teammember3.jpg,2021/10/zz-teammember3.jpg,2021/10/zz-teammember3.jpg,zz-teammember3.jpg,,,,yes,4,no,UNUSED,not referenced by scoped content scan
659,https://onixdatacentres.com/wp-content/uploads/2021/10/zz-teammember4-1.jpg,2021/10/zz-teammember4-1.jpg,2021/10/zz-teammember4-1.jpg,zz-teammember4-1.jpg,,,,yes,4,no,UNUSED,not referenced by scoped content scan
660,https://onixdatacentres.com/wp-content/uploads/2021/10/zz-teammember3-1.jpg,2021/10/zz-teammember3-1.jpg,2021/10/zz-teammember3-1.jpg,zz-teammember3-1.jpg,,,,yes,4,no,UNUSED,not referenced by scoped content scan
664,https://onixdatacentres.com/wp-content/uploads/2021/10/placeholder-1.png,2021/10/placeholder-1.png,2021/10/placeholder-1.png,placeholder-1.png,,,,yes,4,no,UNUSED,not referenced by scoped content scan
665,https://onixdatacentres.com/wp-content/uploads/2021/10/placeholder-2.png,2021/10/placeholder-2.png,2021/10/placeholder-2.png,placeholder-2.png,,,,yes,4,no,UNUSED,not referenced by scoped content scan
666,https://onixdatacentres.com/wp-content/uploads/2021/10/placeholder-3.png,2021/10/placeholder-3.png,2021/10/placeholder-3.png,placeholder-3.png,,,,yes,4,no,UNUSED,not referenced by scoped content scan
667,https://onixdatacentres.com/wp-content/uploads/2021/10/placeholder-4.png,2021/10/placeholder-4.png,2021/10/placeholder-4.png,placeholder-4.png,,,,yes,4,no,UNUSED,not referenced by scoped content scan
671,https://onixdatacentres.com/wp-content/uploads/2021/10/ellyot-623921-unsplash.jpg,2021/10/ellyot-623921-unsplash.jpg,2021/10/ellyot-623921-unsplash.jpg,ellyot-623921-unsplash.jpg,,,,yes,6,no,UNUSED,not referenced by scoped content scan
672,https://onixdatacentres.com/wp-content/uploads/2021/10/placeholder-1-1.png,2021/10/placeholder-1-1.png,2021/10/placeholder-1-1.png,placeholder-1-1.png,,,,yes,4,no,UNUSED,not referenced by scoped content scan
673,https://onixdatacentres.com/wp-content/uploads/2021/10/nasa-63032-unsplash.jpg,2021/10/nasa-63032-unsplash.jpg,2021/10/nasa-63032-unsplash.jpg,nasa-63032-unsplash.jpg,,,,yes,6,no,UNUSED,not referenced by scoped content scan
674,https://onixdatacentres.com/wp-content/uploads/2021/10/ellyot-623926-unsplash.jpg,2021/10/ellyot-623926-unsplash.jpg,2021/10/ellyot-623926-unsplash.jpg,ellyot-623926-unsplash.jpg,,,,yes,6,no,UNUSED,not referenced by scoped content scan
678,https://onixdatacentres.com/wp-content/uploads/2021/10/matheus-ferrero-216385.jpg,2021/10/matheus-ferrero-216385.jpg,2021/10/matheus-ferrero-216385.jpg,matheus-ferrero-216385.jpg,,,,yes,5,no,UNUSED,not referenced by scoped content scan
679,https://onixdatacentres.com/wp-content/uploads/2021/10/giano-currie-268947-unsplash.jpg,2021/10/giano-currie-268947-unsplash.jpg,2021/10/giano-currie-268947-unsplash.jpg,giano-currie-268947-unsplash.jpg,,,,yes,5,no,UNUSED,not referenced by scoped content scan
680,https://onixdatacentres.com/wp-content/uploads/2021/10/fabian-moller-401639-unsplash.jpg,2021/10/fabian-moller-401639-unsplash.jpg,2021/10/fabian-moller-401639-unsplash.jpg,fabian-moller-401639-unsplash.jpg,,,,yes,5,no,UNUSED,not referenced by scoped content scan
681,https://onixdatacentres.com/wp-content/uploads/2021/10/oladimeji-odunsi-367505-unsplash.jpg,2021/10/oladimeji-odunsi-367505-unsplash.jpg,2021/10/oladimeji-odunsi-367505-unsplash.jpg,oladimeji-odunsi-367505-unsplash.jpg,,,,yes,5,no,UNUSED,not referenced by scoped content scan
686,https://onixdatacentres.com/wp-content/uploads/2021/10/pexels-photo-1037915.jpeg,2021/10/pexels-photo-1037915.jpeg,2021/10/pexels-photo-1037915.jpeg,pexels-photo-1037915.jpeg,,,,yes,4,no,UNUSED,not referenced by scoped content scan
687,https://onixdatacentres.com/wp-content/uploads/2021/10/man-crazy-funny-dude-45882.jpeg,2021/10/man-crazy-funny-dude-45882.jpeg,2021/10/man-crazy-funny-dude-45882.jpeg,man-crazy-funny-dude-45882.jpeg,,,,yes,4,no,UNUSED,not referenced by scoped content scan
688,https://onixdatacentres.com/wp-content/uploads/2021/10/kermen-tutkunova-5771762unsplash.jpg,2021/10/kermen-tutkunova-5771762unsplash.jpg,2021/10/kermen-tutkunova-5771762unsplash.jpg,kermen-tutkunova-5771762unsplash.jpg,,,,yes,3,yes,FOUND,
689,https://onixdatacentres.com/wp-content/uploads/2021/10/placeholder-5.png,2021/10/placeholder-5.png,2021/10/placeholder-5.png,placeholder-5.png,,,,yes,4,no,UNUSED,not referenced by scoped content scan
690,https://onixdatacentres.com/wp-content/uploads/2021/10/placeholder-6.png,2021/10/placeholder-6.png,2021/10/placeholder-6.png,placeholder-6.png,,,,yes,4,no,UNUSED,not referenced by scoped content scan
691,https://onixdatacentres.com/wp-content/uploads/2021/10/placeholder-7.png,2021/10/placeholder-7.png,2021/10/placeholder-7.png,placeholder-7.png,,,,yes,4,no,UNUSED,not referenced by scoped content scan
695,https://onixdatacentres.com/wp-content/uploads/2021/10/pexels-cristian-jako-4673599.jpg,2021/10/pexels-cristian-jako-4673599.jpg,2021/10/pexels-cristian-jako-4673599.jpg,pexels-cristian-jako-4673599.jpg,,,,yes,5,no,UNUSED,not referenced by scoped content scan
696,https://onixdatacentres.com/wp-content/uploads/2021/10/pumpkin-1838545_1920.jpg,2021/10/pumpkin-1838545_1920.jpg,2021/10/pumpkin-1838545_1920.jpg,pumpkin-1838545_1920.jpg,,,,yes,5,no,UNUSED,not referenced by scoped content scan
697,https://onixdatacentres.com/wp-content/uploads/2021/10/pexels-toni-friedemann-5233511-scaled-1.jpg,2021/10/pexels-toni-friedemann-5233511-scaled-1.jpg,2021/10/pexels-toni-friedemann-5233511-scaled-1.jpg,pexels-toni-friedemann-5233511-scaled-1.jpg,,,,yes,6,no,UNUSED,not referenced by scoped content scan
698,https://onixdatacentres.com/wp-content/uploads/2021/10/pexels-amir-seilsepour-4383577-scaled-1.jpg,2021/10/pexels-amir-seilsepour-4383577-scaled-1.jpg,2021/10/pexels-amir-seilsepour-4383577-scaled-1.jpg,pexels-amir-seilsepour-4383577-scaled-1.jpg,,,,yes,6,no,UNUSED,not referenced by scoped content scan
699,https://onixdatacentres.com/wp-content/uploads/2021/10/dark-17604_1920.jpg,2021/10/dark-17604_1920.jpg,2021/10/dark-17604_1920.jpg,dark-17604_1920.jpg,,,,yes,5,no,UNUSED,not referenced by scoped content scan
799,https://onixdatacentres.com/wp-content/uploads/2021/11/AIIM.png,2021/11/AIIM.png,2021/11/AIIM.png,AIIM.png,,,,yes,2,no,UNUSED,not referenced by scoped content scan
1287,https://onixdatacentres.com/wp-content/uploads/2019/12/blog-post.png,2019/12/blog-post.png,2019/12/blog-post.png,blog-post.png,,,,yes,3,yes,FOUND,
1302,https://onixdatacentres.com/wp-content/uploads/2019/11/blog1.jpg,2019/11/blog1.jpg,2019/11/blog1.jpg,blog1.jpg,,,,yes,3,no,UNUSED,not referenced by scoped content scan
3382,https://onixdatacentres.com/wp-content/uploads/2020/12/connect-unconnected.jpg,2020/12/connect-unconnected.jpg,2020/12/connect-unconnected.jpg,connect-unconnected.jpg,,,,yes,1,yes,FOUND,
3384,https://onixdatacentres.com/wp-content/uploads/2020/12/broadband-blog.jpg,2020/12/broadband-blog.jpg,2020/12/broadband-blog.jpg,broadband-blog.jpg,,,,yes,6,yes,FOUND,
3386,https://onixdatacentres.com/wp-content/uploads/2020/12/carrier-neutral.jpg,2020/12/carrier-neutral.jpg,2020/12/carrier-neutral.jpg,carrier-neutral.jpg,,,,yes,6,yes,FOUND,
3388,https://onixdatacentres.com/wp-content/uploads/2020/12/government-blog.jpg,2020/12/government-blog.jpg,2020/12/government-blog.jpg,government-blog.jpg,,,,yes,6,no,UNUSED,not referenced by scoped content scan
3389,https://onixdatacentres.com/wp-content/uploads/2020/12/challenges.jpg,2020/12/challenges.jpg,2020/12/challenges.jpg,challenges.jpg,,,,yes,4,yes,FOUND,
3391,https://onixdatacentres.com/wp-content/uploads/2020/11/why-african.jpg,2020/11/why-african.jpg,2020/11/why-african.jpg,why-african.jpg,,,,yes,1,yes,FOUND,
3422,https://onixdatacentres.com/wp-content/uploads/2020/12/govt.jpg,2020/12/govt.jpg,2020/12/govt.jpg,govt.jpg,,,,yes,12,yes,FOUND,
3500,https://onixdatacentres.com/wp-content/uploads/2021/01/sun-africa-hand-telephone-mobile-phone-phone-ghana-samsung-mobile_t20_kLAw1K.jpg,2021/01/sun-africa-hand-telephone-mobile-phone-phone-ghana-samsung-mobile_t20_kLAw1K.jpg,2021/01/sun-africa-hand-telephone-mobile-phone-phone-ghana-samsung-mobile_t20_kLAw1K.jpg,sun-africa-hand-telephone-mobile-phone-phone-ghana-samsung-mobile_t20_kLAw1K.jpg,,,,yes,26,no,UNUSED,not referenced by scoped content scan
3632,https://onixdatacentres.com/wp-content/uploads/2021/01/rural-scene-fruit-africa-kenya-farmer-market-bright-and-colorful-vendors-selling_t20_e968xm.jpg,2021/01/rural-scene-fruit-africa-kenya-farmer-market-bright-and-colorful-vendors-selling_t20_e968xm.jpg,2021/01/rural-scene-fruit-africa-kenya-farmer-market-bright-and-colorful-vendors-selling_t20_e968xm.jpg,rural-scene-fruit-africa-kenya-farmer-market-bright-and-colorful-vendors-selling_t20_e968xm.jpg,,,,yes,25,yes,FOUND,
3880,https://onixdatacentres.com/wp-content/uploads/2021/03/Logo-Revert-5-01-1.png,2021/03/Logo-Revert-5-01-1.png,2021/03/Logo-Revert-5-01-1.png,Logo-Revert-5-01-1.png,,,,yes,25,no,UNUSED,not referenced by scoped content scan
3884,https://onixdatacentres.com/wp-content/uploads/2021/03/unnamed.png,2021/03/unnamed.png,2021/03/unnamed.png,unnamed.png,,,,yes,20,yes,FOUND,
3885,https://onixdatacentres.com/wp-content/uploads/2021/03/unnamed-1.png,2021/03/unnamed-1.png,2021/03/unnamed-1.png,unnamed-1.png,,,,yes,20,no,UNUSED,not referenced by scoped content scan
3976,https://onixdatacentres.com/wp-content/uploads/2021/04/Africa-Data-image-1.jpg,2021/04/Africa-Data-image-1.jpg,2021/04/Africa-Data-image-1.jpg,Africa-Data-image-1.jpg,,,,yes,19,yes,FOUND,
4012,https://onixdatacentres.com/wp-content/uploads/2021/06/unnamed-1.jpeg,2021/06/unnamed-1.jpeg,2021/06/unnamed-1.jpeg,unnamed-1.jpeg,,,,yes,9,yes,FOUND,
4013,https://onixdatacentres.com/wp-content/uploads/2021/06/unnamed-2.jpeg,2021/06/unnamed-2.jpeg,2021/06/unnamed-2.jpeg,unnamed-2.jpeg,,,,yes,20,yes,FOUND,
4024,https://onixdatacentres.com/wp-content/uploads/2021/09/Screenshot-2021-09-21-at-22.10.35.png,2021/09/Screenshot-2021-09-21-at-22.10.35.png,2021/09/Screenshot-2021-09-21-at-22.10.35.png,Screenshot-2021-09-21-at-22.10.35.png,,,,yes,22,yes,FOUND,
4030,https://onixdatacentres.com/wp-content/uploads/2021/09/pexels-red-zeppelin-4148472-scaled-1.jpg,2021/09/pexels-red-zeppelin-4148472-scaled-1.jpg,2021/09/pexels-red-zeppelin-4148472-scaled-1.jpg,pexels-red-zeppelin-4148472-scaled-1.jpg,,,,yes,6,yes,FOUND,
4154,https://onixdatacentres.com/wp-content/uploads/2021/11/Screenshot-2021-11-15-at-13.55.02.png,2021/11/Screenshot-2021-11-15-at-13.55.02.png,2021/11/Screenshot-2021-11-15-at-13.55.02.png,Screenshot-2021-11-15-at-13.55.02.png,,,,yes,2,yes,FOUND,
4155,https://onixdatacentres.com/wp-content/uploads/2021/11/Screenshot-2021-11-15-at-13.55.36.png,2021/11/Screenshot-2021-11-15-at-13.55.36.png,2021/11/Screenshot-2021-11-15-at-13.55.36.png,Screenshot-2021-11-15-at-13.55.36.png,,,,yes,2,no,UNUSED,not referenced by scoped content scan
4156,https://onixdatacentres.com/wp-content/uploads/2021/11/Screenshot-2021-11-15-at-13.56.00.png,2021/11/Screenshot-2021-11-15-at-13.56.00.png,2021/11/Screenshot-2021-11-15-at-13.56.00.png,Screenshot-2021-11-15-at-13.56.00.png,,,,yes,2,yes,FOUND,
4217,https://onixdatacentres.com/wp-content/uploads/2021/12/IMG_9501-scaled.jpg,2021/12/IMG_9501-scaled.jpg,2021/12/IMG_9501-scaled.jpg,IMG_9501-scaled.jpg,,,,no,6,no,UNUSED,not referenced by scoped content scan
4223,https://onixdatacentres.com/wp-content/uploads/2021/12/IMG_9718-scaled.jpg,2021/12/IMG_9718-scaled.jpg,2021/12/IMG_9718-scaled.jpg,IMG_9718-scaled.jpg,,,,no,6,no,UNUSED,not referenced by scoped content scan
4225,https://onixdatacentres.com/wp-content/uploads/2021/12/IMG_9482-scaled.jpg,2021/12/IMG_9482-scaled.jpg,2021/12/IMG_9482-scaled.jpg,IMG_9482-scaled.jpg,,,,no,6,no,UNUSED,not referenced by scoped content scan
4229,https://onixdatacentres.com/wp-content/uploads/2021/12/IMG_9754-scaled.jpg,2021/12/IMG_9754-scaled.jpg,2021/12/IMG_9754-scaled.jpg,IMG_9754-scaled.jpg,,,,no,6,no,UNUSED,not referenced by scoped content scan
4230,https://onixdatacentres.com/wp-content/uploads/2021/12/IMG_9788-scaled.jpg,2021/12/IMG_9788-scaled.jpg,2021/12/IMG_9788-scaled.jpg,IMG_9788-scaled.jpg,,,,no,6,no,UNUSED,not referenced by scoped content scan
4231,https://onixdatacentres.com/wp-content/uploads/2021/12/IMG_9501-1-scaled.jpg,2021/12/IMG_9501-1-scaled.jpg,2021/12/IMG_9501-1-scaled.jpg,IMG_9501-1-scaled.jpg,,,,no,6,no,UNUSED,not referenced by scoped content scan
4233,https://onixdatacentres.com/wp-content/uploads/2021/12/IMG_9660-scaled.jpg,2021/12/IMG_9660-scaled.jpg,2021/12/IMG_9660-scaled.jpg,IMG_9660-scaled.jpg,,,,no,6,yes,FOUND,
4244,https://onixdatacentres.com/wp-content/uploads/2021/12/pexels-christina-morillo-1181354-scaled.jpg,2021/12/pexels-christina-morillo-1181354-scaled.jpg,2021/12/pexels-christina-morillo-1181354-scaled.jpg,pexels-christina-morillo-1181354-scaled.jpg,,,,no,6,no,UNUSED,not referenced by scoped content scan
4392,https://onixdatacentres.com/wp-content/uploads/2022/05/CKR-Logo-CMYK-clr-Christopher-Hayes.png,2022/05/CKR-Logo-CMYK-clr-Christopher-Hayes.png,2022/05/CKR-Logo-CMYK-clr-Christopher-Hayes.png,CKR-Logo-CMYK-clr-Christopher-Hayes.png,,,,yes,21,no,UNUSED,not referenced by scoped content scan
4393,https://onixdatacentres.com/wp-content/uploads/2022/05/AIIM-1.png,2022/05/AIIM-1.png,2022/05/AIIM-1.png,AIIM-1.png,,,,yes,8,no,UNUSED,not referenced by scoped content scan
4406,https://onixdatacentres.com/wp-content/uploads/2022/05/aim_new.jpg,2022/05/aim_new.jpg,2022/05/aim_new.jpg,aim_new.jpg,,,,yes,16,yes,FOUND,
4407,https://onixdatacentres.com/wp-content/uploads/2022/05/ckr-new.jpg,2022/05/ckr-new.jpg,2022/05/ckr-new.jpg,ckr-new.jpg,,,,yes,16,yes,FOUND,
4446,https://onixdatacentres.com/wp-content/uploads/2022/10/onix-dc-solar.jpg,2022/10/onix-dc-solar.jpg,2022/10/onix-dc-solar.jpg,onix-dc-solar.jpg,,Onix Data Centre and solar farm,Onix Data Centre and solar farm,yes,17,no,UNUSED,not referenced by scoped content scan
4462,https://onixdatacentres.com/wp-content/uploads/2022/10/IMG_9806.jpg,2022/10/IMG_9806.jpg,2022/10/IMG_9806.jpg,IMG_9806.jpg,,,,yes,18,no,UNUSED,not referenced by scoped content scan
4468,https://onixdatacentres.com/wp-content/uploads/2022/10/Onix-security.png,2022/10/Onix-security.png,2022/10/Onix-security.png,Onix-security.png,,,,yes,18,no,UNUSED,not referenced by scoped content scan
4473,https://onixdatacentres.com/wp-content/uploads/2022/11/Onix-new-logo.png,2022/11/Onix-new-logo.png,2022/11/Onix-new-logo.png,Onix-new-logo.png,,,,yes,12,no,UNUSED,not referenced by scoped content scan
4481,https://onixdatacentres.com/wp-content/uploads/2022/11/Privacy-Policy.zip,2022/11/Privacy-Policy.zip,2022/11/Privacy-Policy.zip,Privacy-Policy.zip,,,,yes,0,yes,FOUND,
4488,https://onixdatacentres.com/wp-content/uploads/2022/11/Onix_white_logo.png,2022/11/Onix_white_logo.png,2022/11/Onix_white_logo.png,Onix_white_logo.png,,,,yes,8,yes,FOUND,
4498,https://onixdatacentres.com/wp-content/uploads/2022/11/africom.jpeg,2022/11/africom.jpeg,2022/11/africom.jpeg,africom.jpeg,,,,yes,19,no,UNUSED,not referenced by scoped content scan
4499,https://onixdatacentres.com/wp-content/uploads/2022/11/liquid-onix.jpeg,2022/11/liquid-onix.jpeg,2022/11/liquid-onix.jpeg,liquid-onix.jpeg,,,,yes,19,no,UNUSED,not referenced by scoped content scan
4500,https://onixdatacentres.com/wp-content/uploads/2022/11/onix-africa-tech.jpeg,2022/11/onix-africa-tech.jpeg,2022/11/onix-africa-tech.jpeg,onix-africa-tech.jpeg,,,,yes,17,no,UNUSED,not referenced by scoped content scan
4501,https://onixdatacentres.com/wp-content/uploads/2022/11/Onix-Team-at-Africa-Tech-Festival.jpeg,2022/11/Onix-Team-at-Africa-Tech-Festival.jpeg,2022/11/Onix-Team-at-Africa-Tech-Festival.jpeg,Onix-Team-at-Africa-Tech-Festival.jpeg,,,,yes,20,yes,FOUND,
4522,https://onixdatacentres.com/wp-content/uploads/2022/11/Onix-Team-on-Banner.jpeg,2022/11/Onix-Team-on-Banner.jpeg,2022/11/Onix-Team-on-Banner.jpeg,Onix-Team-on-Banner.jpeg,,,,yes,19,yes,FOUND,
4539,https://onixdatacentres.com/wp-content/uploads/2022/11/cropped-Onix-new-logo.png,2022/11/cropped-Onix-new-logo.png,2022/11/cropped-Onix-new-logo.png,cropped-Onix-new-logo.png,,,,yes,13,no,UNUSED,not referenced by scoped content scan
4549,https://onixdatacentres.com/wp-content/uploads/2022/12/onix-iso-certification-image-e1671529932223.jpeg,2022/12/onix-iso-certification-image-e1671529932223.jpeg,2022/12/onix-iso-certification-image-e1671529932223.jpeg,onix-iso-certification-image-e1671529932223.jpeg,,,,yes,11,yes,FOUND,
4553,https://onixdatacentres.com/wp-content/uploads/2022/12/Image_Placeholder_Hero.jpeg,2022/12/Image_Placeholder_Hero.jpeg,2022/12/Image_Placeholder_Hero.jpeg,Image_Placeholder_Hero.jpeg,,,,yes,18,no,UNUSED,not referenced by scoped content scan
4554,https://onixdatacentres.com/wp-content/uploads/2022/12/Image_Placeholder-about.jpeg,2022/12/Image_Placeholder-about.jpeg,2022/12/Image_Placeholder-about.jpeg,Image_Placeholder-about.jpeg,,,,yes,10,no,UNUSED,not referenced by scoped content scan
4555,https://onixdatacentres.com/wp-content/uploads/2022/12/Image-Testemonials.jpeg,2022/12/Image-Testemonials.jpeg,2022/12/Image-Testemonials.jpeg,Image-Testemonials.jpeg,,,,yes,0,no,UNUSED,not referenced by scoped content scan
4660,https://onixdatacentres.com/wp-content/uploads/2022/12/pexels-christina-morillo-1181354-scaled.jpg,2022/12/pexels-christina-morillo-1181354-scaled.jpg,2022/12/pexels-christina-morillo-1181354-scaled.jpg,pexels-christina-morillo-1181354-scaled.jpg,,,,no,20,no,UNUSED,not referenced by scoped content scan
4664,https://onixdatacentres.com/wp-content/uploads/2022/12/pexels-brett-sayles-4508751-scaled.jpg,2022/12/pexels-brett-sayles-4508751-scaled.jpg,2022/12/pexels-brett-sayles-4508751-scaled.jpg,pexels-brett-sayles-4508751-scaled.jpg,,,,no,20,no,UNUSED,not referenced by scoped content scan
4670,https://onixdatacentres.com/wp-content/uploads/2022/12/Woman-using-laptop-at-the-data-center.png,2022/12/Woman-using-laptop-at-the-data-center.png,2022/12/Woman-using-laptop-at-the-data-center.png,Woman-using-laptop-at-the-data-center.png,,,,yes,21,no,UNUSED,not referenced by scoped content scan
4671,https://onixdatacentres.com/wp-content/uploads/2022/12/Woman-at-a-data-center-scaled.jpg,2022/12/Woman-at-a-data-center-scaled.jpg,2022/12/Woman-at-a-data-center-scaled.jpg,Woman-at-a-data-center-scaled.jpg,,,,no,21,no,UNUSED,not referenced by scoped content scan
4679,https://onixdatacentres.com/wp-content/uploads/2022/12/pexels-brett-sayles-5203849-scaled.jpg,2022/12/pexels-brett-sayles-5203849-scaled.jpg,2022/12/pexels-brett-sayles-5203849-scaled.jpg,pexels-brett-sayles-5203849-scaled.jpg,,,,no,21,no,UNUSED,not referenced by scoped content scan
4681,https://onixdatacentres.com/wp-content/uploads/2022/12/pexels-rene-asmussen-13821206-scaled.jpg,2022/12/pexels-rene-asmussen-13821206-scaled.jpg,2022/12/pexels-rene-asmussen-13821206-scaled.jpg,pexels-rene-asmussen-13821206-scaled.jpg,,,,no,21,no,UNUSED,not referenced by scoped content scan
4692,https://onixdatacentres.com/wp-content/uploads/2022/12/ONIX-logo-png.png,2022/12/ONIX-logo-png.png,2022/12/ONIX-logo-png.png,ONIX-logo-png.png,,,,yes,21,yes,FOUND,
4705,https://onixdatacentres.com/wp-content/uploads/2022/12/rawpixel-558597-unsplash.jpg,2022/12/rawpixel-558597-unsplash.jpg,2022/12/rawpixel-558597-unsplash.jpg,rawpixel-558597-unsplash.jpg,,,,yes,19,no,UNUSED,not referenced by scoped content scan
4706,https://onixdatacentres.com/wp-content/uploads/2022/12/rawpixel-799380-unsplash.jpg,2022/12/rawpixel-799380-unsplash.jpg,2022/12/rawpixel-799380-unsplash.jpg,rawpixel-799380-unsplash.jpg,,,,yes,19,no,UNUSED,not referenced by scoped content scan
4715,https://onixdatacentres.com/wp-content/uploads/2022/12/rawpixel-653764-unsplash.jpg,2022/12/rawpixel-653764-unsplash.jpg,2022/12/rawpixel-653764-unsplash.jpg,rawpixel-653764-unsplash.jpg,,,,yes,17,no,UNUSED,not referenced by scoped content scan
4719,https://onixdatacentres.com/wp-content/uploads/2022/12/jason-blackeye-262295-unsplash.jpg,2022/12/jason-blackeye-262295-unsplash.jpg,2022/12/jason-blackeye-262295-unsplash.jpg,jason-blackeye-262295-unsplash.jpg,,,,yes,19,no,UNUSED,not referenced by scoped content scan
4720,https://onixdatacentres.com/wp-content/uploads/2022/12/rawpixel-557123-unsplash.jpg,2022/12/rawpixel-557123-unsplash.jpg,2022/12/rawpixel-557123-unsplash.jpg,rawpixel-557123-unsplash.jpg,,,,yes,19,no,UNUSED,not referenced by scoped content scan
4726,https://onixdatacentres.com/wp-content/uploads/2022/12/ava1.png,2022/12/ava1.png,2022/12/ava1.png,ava1.png,,,,yes,6,no,UNUSED,not referenced by scoped content scan
4727,https://onixdatacentres.com/wp-content/uploads/2022/12/y11.png,2022/12/y11.png,2022/12/y11.png,y11.png,,,,yes,6,no,UNUSED,not referenced by scoped content scan
4780,https://onixdatacentres.com/wp-content/uploads/2022/12/rawpixel-752537-unsplash-1.jpg,2022/12/rawpixel-752537-unsplash-1.jpg,2022/12/rawpixel-752537-unsplash-1.jpg,rawpixel-752537-unsplash-1.jpg,,,,yes,18,no,UNUSED,not referenced by scoped content scan
4791,https://onixdatacentres.com/wp-content/uploads/2022/12/torres-del-paine-mountains-granite-granite-rock-57456.jpeg,2022/12/torres-del-paine-mountains-granite-granite-rock-57456.jpeg,2022/12/torres-del-paine-mountains-granite-granite-rock-57456.jpeg,torres-del-paine-mountains-granite-granite-rock-57456.jpeg,,,,yes,20,no,UNUSED,not referenced by scoped content scan
4792,https://onixdatacentres.com/wp-content/uploads/2022/12/pexels-photo-1103970.jpeg,2022/12/pexels-photo-1103970.jpeg,2022/12/pexels-photo-1103970.jpeg,pexels-photo-1103970.jpeg,,,,yes,19,no,UNUSED,not referenced by scoped content scan
4795,https://onixdatacentres.com/wp-content/uploads/2022/12/linebgoverlay.png,2022/12/linebgoverlay.png,2022/12/linebgoverlay.png,linebgoverlay.png,,,,yes,18,no,UNUSED,not referenced by scoped content scan
4796,https://onixdatacentres.com/wp-content/uploads/2022/12/sharon-mccutcheon-571408-unsplash.jpg,2022/12/sharon-mccutcheon-571408-unsplash.jpg,2022/12/sharon-mccutcheon-571408-unsplash.jpg,sharon-mccutcheon-571408-unsplash.jpg,,,,yes,19,no,UNUSED,not referenced by scoped content scan
4797,https://onixdatacentres.com/wp-content/uploads/2022/12/halanna-halila-557324-unsplash.jpg,2022/12/halanna-halila-557324-unsplash.jpg,2022/12/halanna-halila-557324-unsplash.jpg,halanna-halila-557324-unsplash.jpg,,,,yes,19,no,UNUSED,not referenced by scoped content scan
4798,https://onixdatacentres.com/wp-content/uploads/2022/12/rawpixel-604751-unsplash.jpg,2022/12/rawpixel-604751-unsplash.jpg,2022/12/rawpixel-604751-unsplash.jpg,rawpixel-604751-unsplash.jpg,,,,yes,17,no,UNUSED,not referenced by scoped content scan
4802,https://onixdatacentres.com/wp-content/uploads/2022/12/pexels-photo-667205.jpeg,2022/12/pexels-photo-667205.jpeg,2022/12/pexels-photo-667205.jpeg,pexels-photo-667205.jpeg,,,,yes,20,no,UNUSED,not referenced by scoped content scan
4803,https://onixdatacentres.com/wp-content/uploads/2022/12/kane-reinholdtsen-188778-unsplash.jpg,2022/12/kane-reinholdtsen-188778-unsplash.jpg,2022/12/kane-reinholdtsen-188778-unsplash.jpg,kane-reinholdtsen-188778-unsplash.jpg,,,,yes,17,no,UNUSED,not referenced by scoped content scan
4804,https://onixdatacentres.com/wp-content/uploads/2022/12/aaron-burden-25846-unsplash.jpg,2022/12/aaron-burden-25846-unsplash.jpg,2022/12/aaron-burden-25846-unsplash.jpg,aaron-burden-25846-unsplash.jpg,,,,yes,18,no,UNUSED,not referenced by scoped content scan
4848,https://onixdatacentres.com/wp-content/uploads/2022/12/rawpixel-693037-unsplash.jpg,2022/12/rawpixel-693037-unsplash.jpg,2022/12/rawpixel-693037-unsplash.jpg,rawpixel-693037-unsplash.jpg,,,,yes,21,no,UNUSED,not referenced by scoped content scan
4859,https://onixdatacentres.com/wp-content/uploads/2022/12/hector-martinez-110928-unsplash.jpg,2022/12/hector-martinez-110928-unsplash.jpg,2022/12/hector-martinez-110928-unsplash.jpg,hector-martinez-110928-unsplash.jpg,,,,yes,20,no,UNUSED,not referenced by scoped content scan
4875,https://onixdatacentres.com/wp-content/uploads/2022/12/business-partners-shaking-hands-agreement-scaled.jpg,2022/12/business-partners-shaking-hands-agreement-scaled.jpg,2022/12/business-partners-shaking-hands-agreement-scaled.jpg,business-partners-shaking-hands-agreement-scaled.jpg,,,Business partners shaking hands in agreement,no,21,no,UNUSED,not referenced by scoped content scan
4894,https://onixdatacentres.com/wp-content/uploads/2022/12/ONIX-logo-white.png,2022/12/ONIX-logo-white.png,2022/12/ONIX-logo-white.png,ONIX-logo-white.png,,,,yes,22,no,UNUSED,not referenced by scoped content scan
4896,https://onixdatacentres.com/wp-content/uploads/2022/12/ONIX-logo-red.png,2022/12/ONIX-logo-red.png,2022/12/ONIX-logo-red.png,ONIX-logo-red.png,,,,yes,21,no,UNUSED,not referenced by scoped content scan
4900,https://onixdatacentres.com/wp-content/uploads/2022/12/ONIX-icon.png,2022/12/ONIX-icon.png,2022/12/ONIX-icon.png,ONIX-icon.png,,,,yes,21,no,UNUSED,not referenced by scoped content scan
4901,https://onixdatacentres.com/wp-content/uploads/2022/12/cropped-ONIX-icon.png,2022/12/cropped-ONIX-icon.png,2022/12/cropped-ONIX-icon.png,cropped-ONIX-icon.png,,,,yes,13,no,UNUSED,not referenced by scoped content scan
4903,https://onixdatacentres.com/wp-content/uploads/2022/12/ONIX-icon-red.png,2022/12/ONIX-icon-red.png,2022/12/ONIX-icon-red.png,ONIX-icon-red.png,,,,yes,21,no,UNUSED,not referenced by scoped content scan
4904,https://onixdatacentres.com/wp-content/uploads/2022/12/cropped-ONIX-icon-red.png,2022/12/cropped-ONIX-icon-red.png,2022/12/cropped-ONIX-icon-red.png,cropped-ONIX-icon-red.png,,,,yes,13,no,UNUSED,not referenced by scoped content scan
4905,https://onixdatacentres.com/wp-content/uploads/2022/12/cropped-ONIX-logo-red.png,2022/12/cropped-ONIX-logo-red.png,2022/12/cropped-ONIX-logo-red.png,cropped-ONIX-logo-red.png,,,,yes,21,no,UNUSED,not referenced by scoped content scan
4911,https://onixdatacentres.com/wp-content/uploads/2022/12/Ghana-flag.png,2022/12/Ghana-flag.png,2022/12/Ghana-flag.png,Ghana-flag.png,,,,yes,18,yes,FOUND,
4912,https://onixdatacentres.com/wp-content/uploads/2022/12/Senegal-flag.png,2022/12/Senegal-flag.png,2022/12/Senegal-flag.png,Senegal-flag.png,,,,yes,18,yes,FOUND,
5003,https://onixdatacentres.com/wp-content/uploads/2023/01/ava2.png,2023/01/ava2.png,2023/01/ava2.png,ava2.png,,,,yes,6,no,UNUSED,not referenced by scoped content scan
5005,https://onixdatacentres.com/wp-content/uploads/2023/01/ava4.png,2023/01/ava4.png,2023/01/ava4.png,ava4.png,,,,yes,6,no,UNUSED,not referenced by scoped content scan
5155,https://onixdatacentres.com/wp-content/uploads/2023/01/lee-miller-47629-unsplash.jpg,2023/01/lee-miller-47629-unsplash.jpg,2023/01/lee-miller-47629-unsplash.jpg,lee-miller-47629-unsplash.jpg,,,,yes,20,no,UNUSED,not referenced by scoped content scan
5156,https://onixdatacentres.com/wp-content/uploads/2023/01/dot.png,2023/01/dot.png,2023/01/dot.png,dot.png,,,,yes,0,no,UNUSED,not referenced by scoped content scan
5157,https://onixdatacentres.com/wp-content/uploads/2023/01/lion-animal-nature-predator-40835.jpeg,2023/01/lion-animal-nature-predator-40835.jpeg,2023/01/lion-animal-nature-predator-40835.jpeg,lion-animal-nature-predator-40835.jpeg,,,,yes,5,no,UNUSED,not referenced by scoped content scan
5230,https://onixdatacentres.com/wp-content/uploads/2023/01/ONIX-DATA-CENTER-KEELSON-STUDIOS-5-scaled.jpg,2023/01/ONIX-DATA-CENTER-KEELSON-STUDIOS-5-scaled.jpg,2023/01/ONIX-DATA-CENTER-KEELSON-STUDIOS-5-scaled.jpg,ONIX-DATA-CENTER-KEELSON-STUDIOS-5-scaled.jpg,,,,no,20,yes,FOUND,
5233,https://onixdatacentres.com/wp-content/uploads/2023/01/ONIX-DATA-CENTER-KEELSON-STUDIOS-2.png,2023/01/ONIX-DATA-CENTER-KEELSON-STUDIOS-2.png,2023/01/ONIX-DATA-CENTER-KEELSON-STUDIOS-2.png,ONIX-DATA-CENTER-KEELSON-STUDIOS-2.png,,,,yes,20,no,UNUSED,not referenced by scoped content scan
5237,https://onixdatacentres.com/wp-content/uploads/2023/01/ONIX-DATA-CENTER-KEELSON-STUDIOS-40-scaled.jpg,2023/01/ONIX-DATA-CENTER-KEELSON-STUDIOS-40-scaled.jpg,2023/01/ONIX-DATA-CENTER-KEELSON-STUDIOS-40-scaled.jpg,ONIX-DATA-CENTER-KEELSON-STUDIOS-40-scaled.jpg,,,,no,20,no,UNUSED,not referenced by scoped content scan
5239,https://onixdatacentres.com/wp-content/uploads/2023/01/ONIX-DATA-CENTER-KEELSON-STUDIOS-62-scaled.jpg,2023/01/ONIX-DATA-CENTER-KEELSON-STUDIOS-62-scaled.jpg,2023/01/ONIX-DATA-CENTER-KEELSON-STUDIOS-62-scaled.jpg,ONIX-DATA-CENTER-KEELSON-STUDIOS-62-scaled.jpg,,"Server racks inside a modern Onix data centre, showing secure infrastructure, organised cabling and a controlled technical environment.","Data sovereignty depends on more than location. It requires resilient infrastructure, secure operations and reliable systems designed to support critical workloads.",no,20,no,UNUSED,not referenced by scoped content scan
5240,https://onixdatacentres.com/wp-content/uploads/2023/01/ONIX-DATA-CENTER-KEELSON-STUDIOS-2-scaled.jpg,2023/01/ONIX-DATA-CENTER-KEELSON-STUDIOS-2-scaled.jpg,2023/01/ONIX-DATA-CENTER-KEELSON-STUDIOS-2-scaled.jpg,ONIX-DATA-CENTER-KEELSON-STUDIOS-2-scaled.jpg,,Building of Onix Data Centres Accra,Onix Data Centre in Accra,no,20,yes,FOUND,
5241,https://onixdatacentres.com/wp-content/uploads/2023/01/ONIX-DATA-CENTER-KEELSON-STUDIOS-42-scaled.jpg,2023/01/ONIX-DATA-CENTER-KEELSON-STUDIOS-42-scaled.jpg,2023/01/ONIX-DATA-CENTER-KEELSON-STUDIOS-42-scaled.jpg,ONIX-DATA-CENTER-KEELSON-STUDIOS-42-scaled.jpg,,,,no,20,no,UNUSED,not referenced by scoped content scan
5242,https://onixdatacentres.com/wp-content/uploads/2023/01/ONIX-DATA-CENTER-KEELSON-STUDIOS-43-scaled.jpg,2023/01/ONIX-DATA-CENTER-KEELSON-STUDIOS-43-scaled.jpg,2023/01/ONIX-DATA-CENTER-KEELSON-STUDIOS-43-scaled.jpg,ONIX-DATA-CENTER-KEELSON-STUDIOS-43-scaled.jpg,,,,no,20,no,UNUSED,not referenced by scoped content scan
5243,https://onixdatacentres.com/wp-content/uploads/2023/01/ONIX-DATA-CENTER-KEELSON-STUDIOS-83-scaled.jpg,2023/01/ONIX-DATA-CENTER-KEELSON-STUDIOS-83-scaled.jpg,2023/01/ONIX-DATA-CENTER-KEELSON-STUDIOS-83-scaled.jpg,ONIX-DATA-CENTER-KEELSON-STUDIOS-83-scaled.jpg,,,,no,20,yes,FOUND,
5250,https://onixdatacentres.com/wp-content/uploads/2023/01/ONIX-DATA-CENTER-KEELSON-STUDIOS-51-scaled.jpg,2023/01/ONIX-DATA-CENTER-KEELSON-STUDIOS-51-scaled.jpg,2023/01/ONIX-DATA-CENTER-KEELSON-STUDIOS-51-scaled.jpg,ONIX-DATA-CENTER-KEELSON-STUDIOS-51-scaled.jpg,,,,no,20,yes,FOUND,
5265,https://onixdatacentres.com/wp-content/uploads/2023/01/ONIX-DATA-CENTER-KEELSON-STUDIOS-17-scaled.jpg,2023/01/ONIX-DATA-CENTER-KEELSON-STUDIOS-17-scaled.jpg,2023/01/ONIX-DATA-CENTER-KEELSON-STUDIOS-17-scaled.jpg,ONIX-DATA-CENTER-KEELSON-STUDIOS-17-scaled.jpg,,,,no,21,no,UNUSED,not referenced by scoped content scan
5278,https://onixdatacentres.com/wp-content/uploads/2023/01/ONIX-DATA-CENTER-KEELSON-STUDIOS-75-scaled.jpg,2023/01/ONIX-DATA-CENTER-KEELSON-STUDIOS-75-scaled.jpg,2023/01/ONIX-DATA-CENTER-KEELSON-STUDIOS-75-scaled.jpg,ONIX-DATA-CENTER-KEELSON-STUDIOS-75-scaled.jpg,,,,no,20,no,UNUSED,not referenced by scoped content scan
5289,https://onixdatacentres.com/wp-content/uploads/2023/01/ONIX-DATA-CENTER-KEELSON-STUDIOS-3-scaled.jpg,2023/01/ONIX-DATA-CENTER-KEELSON-STUDIOS-3-scaled.jpg,2023/01/ONIX-DATA-CENTER-KEELSON-STUDIOS-3-scaled.jpg,ONIX-DATA-CENTER-KEELSON-STUDIOS-3-scaled.jpg,,,,no,20,yes,FOUND,
5290,https://onixdatacentres.com/wp-content/uploads/2023/01/ONIX-DATA-CENTER-KEELSON-STUDIOS-9-scaled.jpg,2023/01/ONIX-DATA-CENTER-KEELSON-STUDIOS-9-scaled.jpg,2023/01/ONIX-DATA-CENTER-KEELSON-STUDIOS-9-scaled.jpg,ONIX-DATA-CENTER-KEELSON-STUDIOS-9-scaled.jpg,,,,no,21,no,UNUSED,not referenced by scoped content scan
5384,https://onixdatacentres.com/wp-content/uploads/2023/02/team-1.jpg,2023/02/team-1.jpg,2023/02/team-1.jpg,team-1.jpg,,,,yes,6,no,UNUSED,not referenced by scoped content scan
5385,https://onixdatacentres.com/wp-content/uploads/2023/02/team-4.jpg,2023/02/team-4.jpg,2023/02/team-4.jpg,team-4.jpg,,,,yes,9,no,UNUSED,not referenced by scoped content scan
5386,https://onixdatacentres.com/wp-content/uploads/2023/02/team-3.jpg,2023/02/team-3.jpg,2023/02/team-3.jpg,team-3.jpg,,,,yes,9,no,UNUSED,not referenced by scoped content scan
5387,https://onixdatacentres.com/wp-content/uploads/2023/02/team-5.jpg,2023/02/team-5.jpg,2023/02/team-5.jpg,team-5.jpg,,,,yes,6,no,UNUSED,not referenced by scoped content scan
5388,https://onixdatacentres.com/wp-content/uploads/2023/02/team-2.jpg,2023/02/team-2.jpg,2023/02/team-2.jpg,team-2.jpg,,,,yes,6,no,UNUSED,not referenced by scoped content scan
5425,https://onixdatacentres.com/wp-content/uploads/2023/02/ONIX-DATA-CENTER-KEELSON-STUDIOS-68-scaled.jpg,2023/02/ONIX-DATA-CENTER-KEELSON-STUDIOS-68-scaled.jpg,2023/02/ONIX-DATA-CENTER-KEELSON-STUDIOS-68-scaled.jpg,ONIX-DATA-CENTER-KEELSON-STUDIOS-68-scaled.jpg,,,,no,20,no,UNUSED,not referenced by scoped content scan
5625,https://onixdatacentres.com/wp-content/uploads/2023/02/WhatsApp-Image-2023-02-16-at-23.36.54.jpeg,2023/02/WhatsApp-Image-2023-02-16-at-23.36.54.jpeg,2023/02/WhatsApp-Image-2023-02-16-at-23.36.54.jpeg,WhatsApp-Image-2023-02-16-at-23.36.54.jpeg,,Onix owners and Minister of Technology at launch of Data Centre in Dakar,Onix Launch Data Centre in Dakar,yes,17,yes,FOUND,
5679,https://onixdatacentres.com/wp-content/uploads/2023/02/A7R9115-scaled.jpg,2023/02/A7R9115-scaled.jpg,2023/02/A7R9115-scaled.jpg,A7R9115-scaled.jpg,,Michael Nahon data centre launch Dakar,"Onix Ceo Mike Nahon gives speech at data centre launch in Dakar, Senegal",no,20,yes,FOUND,
5680,https://onixdatacentres.com/wp-content/uploads/2023/02/DSC06268-scaled.jpg,2023/02/DSC06268-scaled.jpg,2023/02/DSC06268-scaled.jpg,DSC06268-scaled.jpg,,,,no,20,no,UNUSED,not referenced by scoped content scan
5681,https://onixdatacentres.com/wp-content/uploads/2023/02/DSC06855-scaled.jpg,2023/02/DSC06855-scaled.jpg,2023/02/DSC06855-scaled.jpg,DSC06855-scaled.jpg,,,,no,20,no,UNUSED,not referenced by scoped content scan
5695,https://onixdatacentres.com/wp-content/uploads/2023/03/ONIX-DATA-CENTER-KEELSON-STUDIOS-71-scaled.jpg,2023/03/ONIX-DATA-CENTER-KEELSON-STUDIOS-71-scaled.jpg,2023/03/ONIX-DATA-CENTER-KEELSON-STUDIOS-71-scaled.jpg,ONIX-DATA-CENTER-KEELSON-STUDIOS-71-scaled.jpg,,Colocation cold containment aisle,Colocation Racks in a cold aisle,no,21,no,UNUSED,not referenced by scoped content scan
5696,https://onixdatacentres.com/wp-content/uploads/2023/03/ONIX-DATA-CENTER-KEELSON-STUDIOS-2-scaled.jpg,2023/03/ONIX-DATA-CENTER-KEELSON-STUDIOS-2-scaled.jpg,2023/03/ONIX-DATA-CENTER-KEELSON-STUDIOS-2-scaled.jpg,ONIX-DATA-CENTER-KEELSON-STUDIOS-2-scaled.jpg,,"Onix colocation Data Centre in Accra, Ghana","Onix Tier IV carrier neutral data centre, Ghana",no,20,yes,FOUND,
5697,https://onixdatacentres.com/wp-content/uploads/2023/03/ONIX-DATA-CENTER-KEELSON-STUDIOS-59-scaled.jpg,2023/03/ONIX-DATA-CENTER-KEELSON-STUDIOS-59-scaled.jpg,2023/03/ONIX-DATA-CENTER-KEELSON-STUDIOS-59-scaled.jpg,ONIX-DATA-CENTER-KEELSON-STUDIOS-59-scaled.jpg,,Onix data centre Ghana solar farm,,no,20,no,UNUSED,not referenced by scoped content scan
5698,https://onixdatacentres.com/wp-content/uploads/2023/03/ONIX-DATA-CENTER-KEELSON-STUDIOS-62-scaled.jpg,2023/03/ONIX-DATA-CENTER-KEELSON-STUDIOS-62-scaled.jpg,2023/03/ONIX-DATA-CENTER-KEELSON-STUDIOS-62-scaled.jpg,ONIX-DATA-CENTER-KEELSON-STUDIOS-62-scaled.jpg,,Colocation Racks cold aisle,Onix Colocation Racks within a cold aisle,no,20,no,UNUSED,not referenced by scoped content scan
5766,https://onixdatacentres.com/wp-content/uploads/2023/03/ISO-9001.png,2023/03/ISO-9001.png,2023/03/ISO-9001.png,ISO-9001.png,,,,yes,9,no,UNUSED,not referenced by scoped content scan
5767,https://onixdatacentres.com/wp-content/uploads/2023/03/ISO-IEC-27001.png,2023/03/ISO-IEC-27001.png,2023/03/ISO-IEC-27001.png,ISO-IEC-27001.png,,,,yes,9,no,UNUSED,not referenced by scoped content scan
5768,https://onixdatacentres.com/wp-content/uploads/2023/03/PCI-DSS.png,2023/03/PCI-DSS.png,2023/03/PCI-DSS.png,PCI-DSS.png,,,,yes,9,no,UNUSED,not referenced by scoped content scan
5769,https://onixdatacentres.com/wp-content/uploads/2023/03/Tier-IV-facility.png,2023/03/Tier-IV-facility.png,2023/03/Tier-IV-facility.png,Tier-IV-facility.png,,,,yes,9,no,UNUSED,not referenced by scoped content scan
5774,https://onixdatacentres.com/wp-content/uploads/2023/03/CCDOC.png,2023/03/CCDOC.png,2023/03/CCDOC.png,CCDOC.png,,,,yes,8,yes,FOUND,
5775,https://onixdatacentres.com/wp-content/uploads/2023/03/Diesel-electric.png,2023/03/Diesel-electric.png,2023/03/Diesel-electric.png,Diesel-electric.png,,,,yes,8,yes,FOUND,
5776,https://onixdatacentres.com/wp-content/uploads/2023/03/Infoprive.png,2023/03/Infoprive.png,2023/03/Infoprive.png,Infoprive.png,,,,yes,8,yes,FOUND,
5777,https://onixdatacentres.com/wp-content/uploads/2023/03/La-Colomb.png,2023/03/La-Colomb.png,2023/03/La-Colomb.png,La-Colomb.png,,,,yes,8,yes,FOUND,
5778,https://onixdatacentres.com/wp-content/uploads/2023/03/LEGRAND.png,2023/03/LEGRAND.png,2023/03/LEGRAND.png,LEGRAND.png,,,,yes,8,yes,FOUND,
5779,https://onixdatacentres.com/wp-content/uploads/2023/03/Minkels.png,2023/03/Minkels.png,2023/03/Minkels.png,Minkels.png,,,,yes,8,yes,FOUND,
5793,https://onixdatacentres.com/wp-content/uploads/2023/03/rawpixel-797131-unsplash.jpg,2023/03/rawpixel-797131-unsplash.jpg,2023/03/rawpixel-797131-unsplash.jpg,rawpixel-797131-unsplash.jpg,,,,yes,17,no,UNUSED,not referenced by scoped content scan
5870,https://onixdatacentres.com/wp-content/uploads/2023/03/ONIX-DATA-CENTER-KEELSON-STUDIOS-61-scaled.jpg,2023/03/ONIX-DATA-CENTER-KEELSON-STUDIOS-61-scaled.jpg,2023/03/ONIX-DATA-CENTER-KEELSON-STUDIOS-61-scaled.jpg,ONIX-DATA-CENTER-KEELSON-STUDIOS-61-scaled.jpg,,,,no,20,no,UNUSED,not referenced by scoped content scan
5939,https://onixdatacentres.com/wp-content/uploads/2023/03/DSC06633-scaled.jpg,2023/03/DSC06633-scaled.jpg,2023/03/DSC06633-scaled.jpg,DSC06633-scaled.jpg,,Mamadou Kebe - Onix Managing Director speaking at Onix Data Centre Senegal Launch,Mamadou Kebe - Onix Managing Director speaking at Onix Senegal Launch,no,20,no,UNUSED,not referenced by scoped content scan
5940,https://onixdatacentres.com/wp-content/uploads/2023/03/20230213_183339-scaled.jpg,2023/03/20230213_183339-scaled.jpg,2023/03/20230213_183339-scaled.jpg,20230213_183339-scaled.jpg,,"Africa's most westerly point in Dakar, Senegal","Africa's most westerly point in Dakar, Senegal",no,21,yes,FOUND,
5954,https://onixdatacentres.com/wp-content/uploads/2023/04/ONIX-DATA-CENTER-KEELSON-STUDIOS-62-scaled.jpg,2023/04/ONIX-DATA-CENTER-KEELSON-STUDIOS-62-scaled.jpg,2023/04/ONIX-DATA-CENTER-KEELSON-STUDIOS-62-scaled.jpg,ONIX-DATA-CENTER-KEELSON-STUDIOS-62-scaled.jpg,,,,no,20,no,UNUSED,not referenced by scoped content scan
5957,https://onixdatacentres.com/wp-content/uploads/2023/04/WhatsApp-Image-2023-04-18-at-20.22.41.jpeg,2023/04/WhatsApp-Image-2023-04-18-at-20.22.41.jpeg,2023/04/WhatsApp-Image-2023-04-18-at-20.22.41.jpeg,WhatsApp-Image-2023-04-18-at-20.22.41.jpeg,,Onix Data centre Cold Aisle Containment,Onix Data centre Cold Aisle Containment,yes,17,no,UNUSED,not referenced by scoped content scan
5959,https://onixdatacentres.com/wp-content/uploads/2023/04/WhatsApp-Image-2023-04-19-at-10.44.41.jpeg,2023/04/WhatsApp-Image-2023-04-19-at-10.44.41.jpeg,2023/04/WhatsApp-Image-2023-04-19-at-10.44.41.jpeg,WhatsApp-Image-2023-04-19-at-10.44.41.jpeg,,,Onix Data centre Cold Aisle Containment,yes,15,no,UNUSED,not referenced by scoped content scan
5960,https://onixdatacentres.com/wp-content/uploads/2023/04/ONIX-DATA-3.jpg,2023/04/ONIX-DATA-3.jpg,2023/04/ONIX-DATA-3.jpg,ONIX-DATA-3.jpg,,Onix Data centre Cold Aisle Containment,Onix Data centre Cold Aisle Containment,yes,17,yes,FOUND,
5966,https://onixdatacentres.com/wp-content/uploads/2023/05/ONIX-DATA-CENTER-KEELSON-STUDIOS-77-scaled.jpg,2023/05/ONIX-DATA-CENTER-KEELSON-STUDIOS-77-scaled.jpg,2023/05/ONIX-DATA-CENTER-KEELSON-STUDIOS-77-scaled.jpg,ONIX-DATA-CENTER-KEELSON-STUDIOS-77-scaled.jpg,,,,no,21,no,UNUSED,not referenced by scoped content scan
5968,https://onixdatacentres.com/wp-content/uploads/2023/05/ONIX-DATA-CENTER-KEELSON-STUDIOS-88-scaled.jpg,2023/05/ONIX-DATA-CENTER-KEELSON-STUDIOS-88-scaled.jpg,2023/05/ONIX-DATA-CENTER-KEELSON-STUDIOS-88-scaled.jpg,ONIX-DATA-CENTER-KEELSON-STUDIOS-88-scaled.jpg,,,,no,20,no,UNUSED,not referenced by scoped content scan
5971,https://onixdatacentres.com/wp-content/uploads/2023/05/ONIX-DATA-CENTER-KEELSON-STUDIOS-62-scaled.jpg,2023/05/ONIX-DATA-CENTER-KEELSON-STUDIOS-62-scaled.jpg,2023/05/ONIX-DATA-CENTER-KEELSON-STUDIOS-62-scaled.jpg,ONIX-DATA-CENTER-KEELSON-STUDIOS-62-scaled.jpg,,Onix Data Centre rack space,,no,20,no,UNUSED,not referenced by scoped content scan
5972,https://onixdatacentres.com/wp-content/uploads/2023/05/image0.jpeg,2023/05/image0.jpeg,2023/05/image0.jpeg,image0.jpeg,,Secure Your Data with Onix Data Centre,Protect Your Critical Data with Onix Data Centre,yes,17,yes,FOUND,
6066,https://onixdatacentres.com/wp-content/uploads/2023/05/WhatsApp-Image-2023-05-11-at-10.06.02.jpeg,2023/05/WhatsApp-Image-2023-05-11-at-10.06.02.jpeg,2023/05/WhatsApp-Image-2023-05-11-at-10.06.02.jpeg,WhatsApp-Image-2023-05-11-at-10.06.02.jpeg,,"The Onix Senegal team, meeting to discuss data centre design","The Onix Senegal team, meeting to discuss data centre design",yes,20,yes,FOUND,
6073,https://onixdatacentres.com/wp-content/uploads/2023/05/james-gillespie-714755-unsplash.jpg,2023/05/james-gillespie-714755-unsplash.jpg,2023/05/james-gillespie-714755-unsplash.jpg,james-gillespie-714755-unsplash.jpg,,,,yes,20,no,UNUSED,not referenced by scoped content scan
6076,https://onixdatacentres.com/wp-content/uploads/2023/05/head51.jpg,2023/05/head51.jpg,2023/05/head51.jpg,head51.jpg,,,,yes,20,no,UNUSED,not referenced by scoped content scan
6077,https://onixdatacentres.com/wp-content/uploads/2023/05/ONIX-DATA-CENTER-KEELSON-STUDIOS-36-scaled.jpg,2023/05/ONIX-DATA-CENTER-KEELSON-STUDIOS-36-scaled.jpg,2023/05/ONIX-DATA-CENTER-KEELSON-STUDIOS-36-scaled.jpg,ONIX-DATA-CENTER-KEELSON-STUDIOS-36-scaled.jpg,,,,no,21,no,UNUSED,not referenced by scoped content scan
6078,https://onixdatacentres.com/wp-content/uploads/2023/05/ONIX-DATA-CENTER-KEELSON-STUDIOS-57-scaled.jpg,2023/05/ONIX-DATA-CENTER-KEELSON-STUDIOS-57-scaled.jpg,2023/05/ONIX-DATA-CENTER-KEELSON-STUDIOS-57-scaled.jpg,ONIX-DATA-CENTER-KEELSON-STUDIOS-57-scaled.jpg,,,,no,20,no,UNUSED,not referenced by scoped content scan
6079,https://onixdatacentres.com/wp-content/uploads/2023/05/ONIX-DATA-CENTER-KEELSON-STUDIOS-58-scaled.jpg,2023/05/ONIX-DATA-CENTER-KEELSON-STUDIOS-58-scaled.jpg,2023/05/ONIX-DATA-CENTER-KEELSON-STUDIOS-58-scaled.jpg,ONIX-DATA-CENTER-KEELSON-STUDIOS-58-scaled.jpg,,Onix Data centre sustainable solar farm,Onix Data centre sustainable solar farm,no,20,no,UNUSED,not referenced by scoped content scan
6080,https://onixdatacentres.com/wp-content/uploads/2023/05/ONIX-DATA-CENTER-KEELSON-STUDIOS-59-scaled.jpg,2023/05/ONIX-DATA-CENTER-KEELSON-STUDIOS-59-scaled.jpg,2023/05/ONIX-DATA-CENTER-KEELSON-STUDIOS-59-scaled.jpg,ONIX-DATA-CENTER-KEELSON-STUDIOS-59-scaled.jpg,,Onix Data Centre's Cutting-Edge Solar Farm: Pioneering Sustainable and Reliable DC Power Maintenance in Healthcare Colocation Services,Onix Data Centre Solar Farm,no,20,no,UNUSED,not referenced by scoped content scan
6124,https://onixdatacentres.com/wp-content/uploads/2023/05/Edem-Scott.jpg,2023/05/Edem-Scott.jpg,2023/05/Edem-Scott.jpg,Edem-Scott.jpg,,,,yes,7,yes,FOUND,
6125,https://onixdatacentres.com/wp-content/uploads/2023/05/Kevin-Opata.jpg,2023/05/Kevin-Opata.jpg,2023/05/Kevin-Opata.jpg,Kevin-Opata.jpg,,,,yes,7,yes,FOUND,
6126,https://onixdatacentres.com/wp-content/uploads/2023/05/Michael-Thompson.jpg,2023/05/Michael-Thompson.jpg,2023/05/Michael-Thompson.jpg,Michael-Thompson.jpg,,,,yes,7,yes,FOUND,
6127,https://onixdatacentres.com/wp-content/uploads/2023/05/Serwaah-Kankam.jpg,2023/05/Serwaah-Kankam.jpg,2023/05/Serwaah-Kankam.jpg,Serwaah-Kankam.jpg,,,,yes,7,yes,FOUND,
6128,https://onixdatacentres.com/wp-content/uploads/2023/05/Stephen-Appiah-Fordjou.jpg,2023/05/Stephen-Appiah-Fordjou.jpg,2023/05/Stephen-Appiah-Fordjou.jpg,Stephen-Appiah-Fordjou.jpg,,,,yes,7,yes,FOUND,
6168,https://onixdatacentres.com/wp-content/uploads/2023/05/aaaaa.png,2023/05/aaaaa.png,2023/05/aaaaa.png,aaaaa.png,,,,yes,7,no,UNUSED,not referenced by scoped content scan
6199,https://onixdatacentres.com/wp-content/uploads/2023/05/ONIX-fire-suppression-system-copy-1.jpg,2023/05/ONIX-fire-suppression-system-copy-1.jpg,2023/05/ONIX-fire-suppression-system-copy-1.jpg,ONIX-fire-suppression-system-copy-1.jpg,,Data centre fire suppressions,Fire suppression in Onix Data centre,yes,17,yes,FOUND,
6207,https://onixdatacentres.com/wp-content/uploads/2023/05/shield.png,2023/05/shield.png,2023/05/shield.png,shield.png,,,,yes,20,yes,FOUND,
6215,https://onixdatacentres.com/wp-content/uploads/2023/05/Cybersecurity-Act-2020-Act-1038.pdf,2023/05/Cybersecurity-Act-2020-Act-1038.pdf,2023/05/Cybersecurity-Act-2020-Act-1038.pdf,Cybersecurity-Act-2020-Act-1038.pdf,,,,yes,0,yes,FOUND,
6216,https://onixdatacentres.com/wp-content/uploads/2023/05/data-protection-act-2012-act-843.pdf,2023/05/data-protection-act-2012-act-843.pdf,2023/05/data-protection-act-2012-act-843.pdf,data-protection-act-2012-act-843.pdf,,,,yes,0,yes,FOUND,
6217,https://onixdatacentres.com/wp-content/uploads/2023/05/ONIXDC-ISMS-A1801-Legal-Responsibilities-Policy.pdf,2023/05/ONIXDC-ISMS-A1801-Legal-Responsibilities-Policy.pdf,2023/05/ONIXDC-ISMS-A1801-Legal-Responsibilities-Policy.pdf,ONIXDC-ISMS-A1801-Legal-Responsibilities-Policy.pdf,,,,yes,0,yes,FOUND,
6219,https://onixdatacentres.com/wp-content/uploads/2023/05/The-Regulation-of-Investigatory-Powers-Act-2000.pdf,2023/05/The-Regulation-of-Investigatory-Powers-Act-2000.pdf,2023/05/The-Regulation-of-Investigatory-Powers-Act-2000.pdf,The-Regulation-of-Investigatory-Powers-Act-2000.pdf,,,,yes,0,yes,FOUND,
6248,https://onixdatacentres.com/wp-content/uploads/2023/05/CO2.svg,2023/05/CO2.svg,2023/05/CO2.svg,CO2.svg,,,,yes,0,yes,FOUND,
6249,https://onixdatacentres.com/wp-content/uploads/2023/05/Growing-plant.svg,2023/05/Growing-plant.svg,2023/05/Growing-plant.svg,Growing-plant.svg,,,,yes,0,yes,FOUND,
6250,https://onixdatacentres.com/wp-content/uploads/2023/05/Reverse-osmosis.svg,2023/05/Reverse-osmosis.svg,2023/05/Reverse-osmosis.svg,Reverse-osmosis.svg,,,,yes,0,yes,FOUND,
6390,https://onixdatacentres.com/wp-content/uploads/2023/06/Onix-Backup-Power-solutions.jpg,2023/06/Onix-Backup-Power-solutions.jpg,2023/06/Onix-Backup-Power-solutions.jpg,Onix-Backup-Power-solutions.jpg,,"Onix Data Centre in Accra, Ghana with UPS and Generator back up power",Onix Data Centre's robust power backup system,yes,17,yes,FOUND,
6392,https://onixdatacentres.com/wp-content/uploads/2023/06/ONIX-DATA-CENTER-KEELSON-STUDIOS-6-scaled.jpg,2023/06/ONIX-DATA-CENTER-KEELSON-STUDIOS-6-scaled.jpg,2023/06/ONIX-DATA-CENTER-KEELSON-STUDIOS-6-scaled.jpg,ONIX-DATA-CENTER-KEELSON-STUDIOS-6-scaled.jpg,,,,no,21,no,UNUSED,not referenced by scoped content scan
6475,https://onixdatacentres.com/wp-content/uploads/2023/08/CO2-reduction.png,2023/08/CO2-reduction.png,2023/08/CO2-reduction.png,CO2-reduction.png,,,,yes,0,yes,FOUND,
6477,https://onixdatacentres.com/wp-content/uploads/2023/08/ONIX-Cooling-system.png,2023/08/ONIX-Cooling-system.png,2023/08/ONIX-Cooling-system.png,ONIX-Cooling-system.png,,,,yes,0,yes,FOUND,
6478,https://onixdatacentres.com/wp-content/uploads/2023/08/ONIX-sustainability.png,2023/08/ONIX-sustainability.png,2023/08/ONIX-sustainability.png,ONIX-sustainability.png,,,,yes,0,yes,FOUND,
6479,https://onixdatacentres.com/wp-content/uploads/2023/08/solar-power.png,2023/08/solar-power.png,2023/08/solar-power.png,solar-power.png,,,,yes,0,yes,FOUND,
6480,https://onixdatacentres.com/wp-content/uploads/2023/08/Waste-bin-2.png,2023/08/Waste-bin-2.png,2023/08/Waste-bin-2.png,Waste-bin-2.png,,,,yes,0,yes,FOUND,
6481,https://onixdatacentres.com/wp-content/uploads/2023/08/water.png,2023/08/water.png,2023/08/water.png,water.png,,,,yes,0,yes,FOUND,
6583,https://onixdatacentres.com/wp-content/uploads/2023/08/LeornardMcKinlay.jpg,2023/08/LeornardMcKinlay.jpg,2023/08/LeornardMcKinlay.jpg,LeornardMcKinlay.jpg,,,,yes,0,yes,FOUND,
6730,https://onixdatacentres.com/wp-content/uploads/2023/10/Samuel-Polley.jpeg,2023/10/Samuel-Polley.jpeg,2023/10/Samuel-Polley.jpeg,Samuel-Polley.jpeg,,,,yes,0,no,UNUSED,not referenced by scoped content scan
6739,https://onixdatacentres.com/wp-content/uploads/2023/10/Mamadou-KEBE.jpeg,2023/10/Mamadou-KEBE.jpeg,2023/10/Mamadou-KEBE.jpeg,Mamadou-KEBE.jpeg,,,,yes,0,yes,FOUND,
6769,https://onixdatacentres.com/wp-content/uploads/2023/10/Bara-Awa-Fall.jpeg,2023/10/Bara-Awa-Fall.jpeg,2023/10/Bara-Awa-Fall.jpeg,Bara-Awa-Fall.jpeg,,,,yes,0,yes,FOUND,
6790,https://onixdatacentres.com/wp-content/uploads/2023/11/IMS-Simplified.pdf,2023/11/IMS-Simplified.pdf,2023/11/IMS-Simplified.pdf,IMS-Simplified.pdf,,,,yes,0,yes,FOUND,
6829,https://onixdatacentres.com/wp-content/uploads/2023/11/Brett-Tucker.jpeg,2023/11/Brett-Tucker.jpeg,2023/11/Brett-Tucker.jpeg,Brett-Tucker.jpeg,,,,yes,0,no,UNUSED,not referenced by scoped content scan
6839,https://onixdatacentres.com/wp-content/uploads/2023/11/1615925299725.jpeg,2023/11/1615925299725.jpeg,2023/11/1615925299725.jpeg,1615925299725.jpeg,,,,yes,0,yes,FOUND,
6871,https://onixdatacentres.com/wp-content/uploads/2023/11/cloud-storage-banner-background-Large.jpeg,2023/11/cloud-storage-banner-background-Large.jpeg,2023/11/cloud-storage-banner-background-Large.jpeg,cloud-storage-banner-background-Large.jpeg,,,"Cloud storage banner background, remixed from public domain by Nasa",yes,0,no,UNUSED,not referenced by scoped content scan
6873,https://onixdatacentres.com/wp-content/uploads/2023/11/Header-background.png,2023/11/Header-background.png,2023/11/Header-background.png,Header-background.png,,,,yes,0,no,UNUSED,not referenced by scoped content scan
6875,https://onixdatacentres.com/wp-content/uploads/2023/11/Frame-1.png,2023/11/Frame-1.png,2023/11/Frame-1.png,Frame-1.png,,,,yes,0,yes,FOUND,
6882,https://onixdatacentres.com/wp-content/uploads/2023/11/cloud-storage-background-remixed-from-public-domain-by-nasa-Large.jpeg,2023/11/cloud-storage-background-remixed-from-public-domain-by-nasa-Large.jpeg,2023/11/cloud-storage-background-remixed-from-public-domain-by-nasa-Large.jpeg,cloud-storage-background-remixed-from-public-domain-by-nasa-Large.jpeg,,,"Cloud storage background, remixed from public domain by Nasa",yes,0,no,UNUSED,not referenced by scoped content scan
6886,https://onixdatacentres.com/wp-content/uploads/2023/11/standard-quality-control-collage-concept-Large.jpeg,2023/11/standard-quality-control-collage-concept-Large.jpeg,2023/11/standard-quality-control-collage-concept-Large.jpeg,standard-quality-control-collage-concept-Large.jpeg,,,,yes,0,no,UNUSED,not referenced by scoped content scan
7004,https://onixdatacentres.com/wp-content/uploads/2024/02/Kevin-Opata.jpg,2024/02/Kevin-Opata.jpg,2024/02/Kevin-Opata.jpg,Kevin-Opata.jpg,,,,yes,0,no,UNUSED,not referenced by scoped content scan
7005,https://onixdatacentres.com/wp-content/uploads/2024/02/Michael-Offei-Thompson.jpg,2024/02/Michael-Offei-Thompson.jpg,2024/02/Michael-Offei-Thompson.jpg,Michael-Offei-Thompson.jpg,,,,yes,0,no,UNUSED,not referenced by scoped content scan
7007,https://onixdatacentres.com/wp-content/uploads/2024/02/Stephen-Appiah-Fordjour.jpg,2024/02/Stephen-Appiah-Fordjour.jpg,2024/02/Stephen-Appiah-Fordjour.jpg,Stephen-Appiah-Fordjour.jpg,,,,yes,0,no,UNUSED,not referenced by scoped content scan
7008,https://onixdatacentres.com/wp-content/uploads/2024/02/Yen-Choi.jpg,2024/02/Yen-Choi.jpg,2024/02/Yen-Choi.jpg,Yen-Choi.jpg,,,,yes,0,no,UNUSED,not referenced by scoped content scan
7009,https://onixdatacentres.com/wp-content/uploads/2024/02/Edem-Scott-image.jpg,2024/02/Edem-Scott-image.jpg,2024/02/Edem-Scott-image.jpg,Edem-Scott-image.jpg,,,,yes,0,no,UNUSED,not referenced by scoped content scan
7010,https://onixdatacentres.com/wp-content/uploads/2024/02/Serwaa-Kankam-image.jpg,2024/02/Serwaa-Kankam-image.jpg,2024/02/Serwaa-Kankam-image.jpg,Serwaa-Kankam-image.jpg,,,,yes,0,no,UNUSED,not referenced by scoped content scan
7068,https://onixdatacentres.com/wp-content/uploads/2021/10/ONIX-logo-png.png,2021/10/ONIX-logo-png.png,2021/10/ONIX-logo-png.png,ONIX-logo-png.png,,,,yes,0,no,UNUSED,not referenced by scoped content scan
7095,https://onixdatacentres.com/wp-content/uploads/2024/03/placeholder.png,2024/03/placeholder.png,2024/03/placeholder.png,placeholder.png,,,,yes,0,no,UNUSED,not referenced by scoped content scan
7162,https://onixdatacentres.com/wp-content/uploads/2024/03/imagebox2.jpg,2024/03/imagebox2.jpg,2024/03/imagebox2.jpg,imagebox2.jpg,,,,yes,0,no,UNUSED,not referenced by scoped content scan
7166,https://onixdatacentres.com/wp-content/uploads/2024/03/pattern1.jpg,2024/03/pattern1.jpg,2024/03/pattern1.jpg,pattern1.jpg,,,,yes,0,no,UNUSED,not referenced by scoped content scan
7167,https://onixdatacentres.com/wp-content/uploads/2024/03/franck-v-512278-unsplash.jpg,2024/03/franck-v-512278-unsplash.jpg,2024/03/franck-v-512278-unsplash.jpg,franck-v-512278-unsplash.jpg,,,,yes,0,no,UNUSED,not referenced by scoped content scan
7168,https://onixdatacentres.com/wp-content/uploads/2024/03/hin-bong-yeung-210244-unsplash.jpg,2024/03/hin-bong-yeung-210244-unsplash.jpg,2024/03/hin-bong-yeung-210244-unsplash.jpg,hin-bong-yeung-210244-unsplash.jpg,,,,yes,0,no,UNUSED,not referenced by scoped content scan
7169,https://onixdatacentres.com/wp-content/uploads/2024/03/zhang-kaiyv-411983-unsplash.jpg,2024/03/zhang-kaiyv-411983-unsplash.jpg,2024/03/zhang-kaiyv-411983-unsplash.jpg,zhang-kaiyv-411983-unsplash.jpg,,,,yes,0,no,UNUSED,not referenced by scoped content scan
7230,https://onixdatacentres.com/wp-content/uploads/2024/03/Images-collage-2.png,2024/03/Images-collage-2.png,2024/03/Images-collage-2.png,Images-collage-2.png,,,,yes,0,no,UNUSED,not referenced by scoped content scan
7281,https://onixdatacentres.com/wp-content/uploads/2024/04/Images-collage-3.png,2024/04/Images-collage-3.png,2024/04/Images-collage-3.png,Images-collage-3.png,,,,yes,0,yes,FOUND,
7716,https://onixdatacentres.com/wp-content/uploads/2024/06/pexels-luis-gomes-166706-546819.jpg,2024/06/pexels-luis-gomes-166706-546819.jpg,2024/06/pexels-luis-gomes-166706-546819.jpg,pexels-luis-gomes-166706-546819.jpg,,,,yes,0,no,UNUSED,not referenced by scoped content scan
7747,https://onixdatacentres.com/wp-content/uploads/2024/06/VPN_ILLUSTRATION.png,2024/06/VPN_ILLUSTRATION.png,2024/06/VPN_ILLUSTRATION.png,VPN_ILLUSTRATION.png,,,,yes,0,yes,FOUND,
7755,https://onixdatacentres.com/wp-content/uploads/2024/06/Server-rack-illustration.png,2024/06/Server-rack-illustration.png,2024/06/Server-rack-illustration.png,Server-rack-illustration.png,,,,yes,0,yes,FOUND,
7757,https://onixdatacentres.com/wp-content/uploads/2024/06/Cost-illustration.png,2024/06/Cost-illustration.png,2024/06/Cost-illustration.png,Cost-illustration.png,,,,yes,0,yes,FOUND,
7764,https://onixdatacentres.com/wp-content/uploads/2024/06/VM-website-header.jpg,2024/06/VM-website-header.jpg,2024/06/VM-website-header.jpg,VM-website-header.jpg,,,,yes,0,no,UNUSED,not referenced by scoped content scan
7768,https://onixdatacentres.com/wp-content/uploads/2024/06/pexels-divinetechygirl-1181354-Large.jpeg,2024/06/pexels-divinetechygirl-1181354-Large.jpeg,2024/06/pexels-divinetechygirl-1181354-Large.jpeg,pexels-divinetechygirl-1181354-Large.jpeg,,,,yes,0,no,UNUSED,not referenced by scoped content scan
7826,https://onixdatacentres.com/wp-content/uploads/2024/07/Razak-Awudulai-image-1.jpg,2024/07/Razak-Awudulai-image-1.jpg,2024/07/Razak-Awudulai-image-1.jpg,Razak-Awudulai-image-1.jpg,,,,yes,0,no,UNUSED,not referenced by scoped content scan
7877,https://onixdatacentres.com/wp-content/uploads/2024/07/Onix-logo-white.png,2024/07/Onix-logo-white.png,2024/07/Onix-logo-white.png,Onix-logo-white.png,,,,yes,0,no,UNUSED,not referenced by scoped content scan
8110,https://onixdatacentres.com/wp-content/uploads/2024/11/Post-4.jpg,2024/11/Post-4.jpg,2024/11/Post-4.jpg,Post-4.jpg,,,,yes,0,no,UNUSED,not referenced by scoped content scan
8114,https://onixdatacentres.com/wp-content/uploads/2024/11/modern-data-center-providing-cloud-services-enabling-businesses-access-computing-resources-storage-demand-internet-server-room-infrastructure-3d-render-animation_482257-65963.jpg,2024/11/modern-data-center-providing-cloud-services-enabling-businesses-access-computing-resources-storage-demand-internet-server-room-infrastructure-3d-render-animation_482257-65963.jpg,2024/11/modern-data-center-providing-cloud-services-enabling-businesses-access-computing-resources-storage-demand-internet-server-room-infrastructure-3d-render-animation_482257-65963.jpg,modern-data-center-providing-cloud-services-enabling-businesses-access-computing-resources-storage-demand-internet-server-room-infrastructure-3d-render-animation_482257-65963.jpg,,,,yes,0,no,UNUSED,not referenced by scoped content scan
8118,https://onixdatacentres.com/wp-content/uploads/2024/11/Onix-blog-background-.jpg,2024/11/Onix-blog-background-.jpg,2024/11/Onix-blog-background-.jpg,Onix-blog-background-.jpg,,,,yes,0,no,UNUSED,not referenced by scoped content scan
8134,https://onixdatacentres.com/wp-content/uploads/2024/11/Onix-blog-background-2.jpg,2024/11/Onix-blog-background-2.jpg,2024/11/Onix-blog-background-2.jpg,Onix-blog-background-2.jpg,,,,yes,0,no,UNUSED,not referenced by scoped content scan
8279,https://onixdatacentres.com/wp-content/uploads/2024/11/placeholder.png,2024/11/placeholder.png,2024/11/placeholder.png,placeholder.png,,,,yes,0,no,UNUSED,not referenced by scoped content scan
8280,https://onixdatacentres.com/wp-content/uploads/2024/11/placeholder-1.png,2024/11/placeholder-1.png,2024/11/placeholder-1.png,placeholder-1.png,,,,yes,0,no,UNUSED,not referenced by scoped content scan
8281,https://onixdatacentres.com/wp-content/uploads/2024/11/placeholder-2.png,2024/11/placeholder-2.png,2024/11/placeholder-2.png,placeholder-2.png,,,,yes,0,no,UNUSED,not referenced by scoped content scan
8282,https://onixdatacentres.com/wp-content/uploads/2024/11/placeholder-3.png,2024/11/placeholder-3.png,2024/11/placeholder-3.png,placeholder-3.png,,,,yes,0,no,UNUSED,not referenced by scoped content scan
8283,https://onixdatacentres.com/wp-content/uploads/2024/11/placeholder-4.png,2024/11/placeholder-4.png,2024/11/placeholder-4.png,placeholder-4.png,,,,yes,0,no,UNUSED,not referenced by scoped content scan
8284,https://onixdatacentres.com/wp-content/uploads/2024/11/placeholder-5.png,2024/11/placeholder-5.png,2024/11/placeholder-5.png,placeholder-5.png,,,,yes,0,no,UNUSED,not referenced by scoped content scan
8345,https://onixdatacentres.com/wp-content/uploads/2024/11/Feedback-image.jpg,2024/11/Feedback-image.jpg,2024/11/Feedback-image.jpg,Feedback-image.jpg,,,,yes,0,no,UNUSED,not referenced by scoped content scan
8364,https://onixdatacentres.com/wp-content/uploads/2024/11/robin-spielmann-591331-unsplash.jpg,2024/11/robin-spielmann-591331-unsplash.jpg,2024/11/robin-spielmann-591331-unsplash.jpg,robin-spielmann-591331-unsplash.jpg,,,,yes,0,no,UNUSED,not referenced by scoped content scan
8365,https://onixdatacentres.com/wp-content/uploads/2024/11/placeholder-6.png,2024/11/placeholder-6.png,2024/11/placeholder-6.png,placeholder-6.png,,,,yes,0,no,UNUSED,not referenced by scoped content scan
8366,https://onixdatacentres.com/wp-content/uploads/2024/11/placeholder-7.png,2024/11/placeholder-7.png,2024/11/placeholder-7.png,placeholder-7.png,,,,yes,0,no,UNUSED,not referenced by scoped content scan
8367,https://onixdatacentres.com/wp-content/uploads/2024/11/placeholder-8.png,2024/11/placeholder-8.png,2024/11/placeholder-8.png,placeholder-8.png,,,,yes,0,no,UNUSED,not referenced by scoped content scan
8404,https://onixdatacentres.com/wp-content/uploads/2024/12/Onix-tiers.png,2024/12/Onix-tiers.png,2024/12/Onix-tiers.png,Onix-tiers.png,,,,yes,0,no,UNUSED,not referenced by scoped content scan
8688,https://onixdatacentres.com/wp-content/uploads/2025/03/Samuel-Osew.jpeg,2025/03/Samuel-Osew.jpeg,2025/03/Samuel-Osew.jpeg,Samuel-Osew.jpeg,,,,yes,0,no,UNUSED,not referenced by scoped content scan
8768,https://onixdatacentres.com/wp-content/uploads/2025/04/Onix-Data-Centre-Brochure-2025-.pdf,2025/04/Onix-Data-Centre-Brochure-2025-.pdf,2025/04/Onix-Data-Centre-Brochure-2025-.pdf,Onix-Data-Centre-Brochure-2025-.pdf,,,,yes,0,no,UNUSED,not referenced by scoped content scan
8830,https://onixdatacentres.com/wp-content/uploads/2025/05/IMS-SIMPLIFIED-12-May-2025.pdf,2025/05/IMS-SIMPLIFIED-12-May-2025.pdf,2025/05/IMS-SIMPLIFIED-12-May-2025.pdf,IMS-SIMPLIFIED-12-May-2025.pdf,,,,yes,0,yes,FOUND,
8919,https://onixdatacentres.com/wp-content/uploads/2025/06/Samuel-Osew-Kwatia.png,2025/06/Samuel-Osew-Kwatia.png,2025/06/Samuel-Osew-Kwatia.png,Samuel-Osew-Kwatia.png,,,,yes,0,no,UNUSED,not referenced by scoped content scan
8939,https://onixdatacentres.com/wp-content/uploads/2025/06/Samuel-Polley-image-1.png,2025/06/Samuel-Polley-image-1.png,2025/06/Samuel-Polley-image-1.png,Samuel-Polley-image-1.png,,,,yes,0,no,UNUSED,not referenced by scoped content scan
9076,https://onixdatacentres.com/wp-content/uploads/2025/07/Data-ico.png,2025/07/Data-ico.png,2025/07/Data-ico.png,Data-ico.png,,,,yes,0,yes,FOUND,
9181,https://onixdatacentres.com/wp-content/uploads/2025/08/2149370100.jpg,2025/08/2149370100.jpg,2025/08/2149370100.jpg,2149370100.jpg,,,,yes,0,no,UNUSED,not referenced by scoped content scan
9182,https://onixdatacentres.com/wp-content/uploads/2025/08/2149370127.jpg,2025/08/2149370127.jpg,2025/08/2149370127.jpg,2149370127.jpg,,,,yes,0,no,UNUSED,not referenced by scoped content scan
9204,https://onixdatacentres.com/wp-content/uploads/2025/08/2149601528.jpg,2025/08/2149601528.jpg,2025/08/2149601528.jpg,2149601528.jpg,,,,yes,0,no,UNUSED,not referenced by scoped content scan
9237,https://onixdatacentres.com/wp-content/uploads/2025/08/12961.jpg,2025/08/12961.jpg,2025/08/12961.jpg,12961.jpg,,,,yes,0,yes,FOUND,
9271,https://onixdatacentres.com/wp-content/uploads/2025/08/b1.png,2025/08/b1.png,2025/08/b1.png,b1.png,,,,yes,0,no,UNUSED,not referenced by scoped content scan
9272,https://onixdatacentres.com/wp-content/uploads/2025/08/b2.png,2025/08/b2.png,2025/08/b2.png,b2.png,,,,yes,0,no,UNUSED,not referenced by scoped content scan
9458,https://onixdatacentres.com/wp-content/uploads/2025/08/Sitting-in-the-office.jpg,2025/08/Sitting-in-the-office.jpg,2025/08/Sitting-in-the-office.jpg,Sitting-in-the-office.jpg,,,,yes,0,no,UNUSED,not referenced by scoped content scan
9487,https://onixdatacentres.com/wp-content/uploads/2025/08/2150167356.jpg,2025/08/2150167356.jpg,2025/08/2150167356.jpg,2150167356.jpg,,,,yes,0,no,UNUSED,not referenced by scoped content scan
9643,https://onixdatacentres.com/wp-content/uploads/2021/11/Linx-hero-header-image.png,2021/11/Linx-hero-header-image.png,2021/11/Linx-hero-header-image.png,Linx-hero-header-image.png,,,,yes,0,no,UNUSED,not referenced by scoped content scan
9644,https://onixdatacentres.com/wp-content/uploads/2021/11/LINX_Accra_Logo_Colour_White1.png,2021/11/LINX_Accra_Logo_Colour_White1.png,2021/11/LINX_Accra_Logo_Colour_White1.png,LINX_Accra_Logo_Colour_White1.png,,,,yes,0,no,UNUSED,not referenced by scoped content scan
9646,https://onixdatacentres.com/wp-content/uploads/2021/11/Linx-at-onix.png,2021/11/Linx-at-onix.png,2021/11/Linx-at-onix.png,Linx-at-onix.png,,,,yes,0,no,UNUSED,not referenced by scoped content scan
9712,https://onixdatacentres.com/wp-content/uploads/elementor/screenshots/Elementor-post-screenshot_9702_2025-11-09-15-26-18_1500bc24.png,elementor/screenshots/Elementor-post-screenshot_9702_2025-11-09-15-26-18_1500bc24.png,elementor/screenshots/Elementor-post-screenshot_9702_2025-11-09-15-26-18_1500bc24.png,Elementor-post-screenshot_9702_2025-11-09-15-26-18_1500bc24.png,,,,yes,0,no,UNUSED,not referenced by scoped content scan
9724,https://onixdatacentres.com/wp-content/uploads/2025/11/Onix-network.png,2025/11/Onix-network.png,2025/11/Onix-network.png,Onix-network.png,,,,yes,0,yes,FOUND,
9748,https://onixdatacentres.com/wp-content/uploads/2025/11/Membership.png,2025/11/Membership.png,2025/11/Membership.png,Membership.png,,,,yes,0,yes,FOUND,
9762,https://onixdatacentres.com/wp-content/uploads/2025/11/mouse-pointer-click.svg,2025/11/mouse-pointer-click.svg,2025/11/mouse-pointer-click.svg,mouse-pointer-click.svg,,,,yes,0,no,UNUSED,not referenced by scoped content scan
9764,https://onixdatacentres.com/wp-content/uploads/2025/11/Line.png,2025/11/Line.png,2025/11/Line.png,Line.png,,,,yes,0,yes,FOUND,
9770,https://onixdatacentres.com/wp-content/uploads/2025/11/Peering-background.png,2025/11/Peering-background.png,2025/11/Peering-background.png,Peering-background.png,,,,yes,0,no,UNUSED,not referenced by scoped content scan
9772,https://onixdatacentres.com/wp-content/uploads/2025/11/Peering-Siagram-1.png,2025/11/Peering-Siagram-1.png,2025/11/Peering-Siagram-1.png,Peering-Siagram-1.png,,,,yes,0,no,UNUSED,not referenced by scoped content scan
6447,https://onixdatacentres.com/wp-content/uploads/2023/08/ONIX-DATA-CENTER-KEELSON-STUDIOS-36.jpg,2023/08/ONIX-DATA-CENTER-KEELSON-STUDIOS-36.jpg,2023/08/ONIX-DATA-CENTER-KEELSON-STUDIOS-36.jpg,ONIX-DATA-CENTER-KEELSON-STUDIOS-36.jpg,,,,yes,0,no,UNUSED,not referenced by scoped content scan
6450,https://onixdatacentres.com/wp-content/uploads/2023/08/ONIX-blog-1.jpg,2023/08/ONIX-blog-1.jpg,2023/08/ONIX-blog-1.jpg,ONIX-blog-1.jpg,,Harnessing Solar Power: A Sustainable Data Centre Solution at Onix,Harnessing Solar Power: A Sustainable Data Centre Solution at Onix,yes,0,no,UNUSED,not referenced by scoped content scan
6453,https://onixdatacentres.com/wp-content/uploads/2023/08/ONIX-blog-v2.jpg,2023/08/ONIX-blog-v2.jpg,2023/08/ONIX-blog-v2.jpg,ONIX-blog-v2.jpg,,Harnessing Solar Power: A Sustainable Data Centre Solution at Onix,Harnessing Solar Power: A Sustainable Data Centre Solution at Onix,yes,0,yes,FOUND,
9775,https://onixdatacentres.com/wp-content/uploads/2025/11/Onix-Peering-Image.png,2025/11/Onix-Peering-Image.png,2025/11/Onix-Peering-Image.png,Onix-Peering-Image.png,,,,yes,0,no,UNUSED,not referenced by scoped content scan
9776,https://onixdatacentres.com/wp-content/uploads/2025/11/Data-iimage.png,2025/11/Data-iimage.png,2025/11/Data-iimage.png,Data-iimage.png,,,,yes,0,no,UNUSED,not referenced by scoped content scan
9777,https://onixdatacentres.com/wp-content/uploads/2025/11/Onix-data-image.png,2025/11/Onix-data-image.png,2025/11/Onix-data-image.png,Onix-data-image.png,,,,yes,0,yes,FOUND,
9869,https://onixdatacentres.com/wp-content/uploads/2025/11/Linx-Peering.png,2025/11/Linx-Peering.png,2025/11/Linx-Peering.png,Linx-Peering.png,,,,yes,0,yes,FOUND,
9919,https://onixdatacentres.com/wp-content/uploads/2025/11/Linx-Hero-Image.webp,2025/11/Linx-Hero-Image.webp,2025/11/Linx-Hero-Image.webp,Linx-Hero-Image.webp,,,,yes,0,no,UNUSED,not referenced by scoped content scan
9923,https://onixdatacentres.com/wp-content/uploads/2025/11/Onix-Peering.webp,2025/11/Onix-Peering.webp,2025/11/Onix-Peering.webp,Onix-Peering.webp,,,,yes,0,no,UNUSED,not referenced by scoped content scan
9947,https://onixdatacentres.com/wp-content/uploads/2025/12/Onix-Brochure-2025K.pdf,2025/12/Onix-Brochure-2025K.pdf,2025/12/Onix-Brochure-2025K.pdf,Onix-Brochure-2025K.pdf,,,,yes,0,no,UNUSED,not referenced by scoped content scan
9994,https://onixdatacentres.com/wp-content/uploads/2026/02/Gemini_Generated_Image_5tt2ei5tt2ei5tt2-1-edited.png,2026/02/Gemini_Generated_Image_5tt2ei5tt2ei5tt2-1-edited.png,2026/02/Gemini_Generated_Image_5tt2ei5tt2ei5tt2-1-edited.png,Gemini_Generated_Image_5tt2ei5tt2ei5tt2-1-edited.png,,,,yes,0,no,UNUSED,not referenced by scoped content scan
9997,https://onixdatacentres.com/wp-content/uploads/2026/02/Gemini_Generated_Image_5tt2ei5tt2ei5tt2-1-edited-1.png,2026/02/Gemini_Generated_Image_5tt2ei5tt2ei5tt2-1-edited-1.png,2026/02/Gemini_Generated_Image_5tt2ei5tt2ei5tt2-1-edited-1.png,Gemini_Generated_Image_5tt2ei5tt2ei5tt2-1-edited-1.png,,,,yes,0,yes,FOUND,
10028,https://onixdatacentres.com/wp-content/uploads/2026/03/White-grid-background.png,2026/03/White-grid-background.png,2026/03/White-grid-background.png,White-grid-background.png,,,,yes,0,no,UNUSED,not referenced by scoped content scan
10038,https://onixdatacentres.com/wp-content/uploads/2026/03/Badge-2.png,2026/03/Badge-2.png,2026/03/Badge-2.png,Badge-2.png,,,,yes,0,no,UNUSED,not referenced by scoped content scan
10039,https://onixdatacentres.com/wp-content/uploads/2026/03/Badge-1.png,2026/03/Badge-1.png,2026/03/Badge-1.png,Badge-1.png,,,,yes,0,no,UNUSED,not referenced by scoped content scan
10040,https://onixdatacentres.com/wp-content/uploads/2026/03/Badge-01.png,2026/03/Badge-01.png,2026/03/Badge-01.png,Badge-01.png,,,,yes,0,no,UNUSED,not referenced by scoped content scan
10042,https://onixdatacentres.com/wp-content/uploads/2026/03/Backk.png,2026/03/Backk.png,2026/03/Backk.png,Backk.png,,,,yes,0,no,UNUSED,not referenced by scoped content scan
10043,https://onixdatacentres.com/wp-content/uploads/2026/03/Back-2.png,2026/03/Back-2.png,2026/03/Back-2.png,Back-2.png,,,,yes,0,no,UNUSED,not referenced by scoped content scan
10045,https://onixdatacentres.com/wp-content/uploads/2026/03/Badge-rows.png,2026/03/Badge-rows.png,2026/03/Badge-rows.png,Badge-rows.png,,,,yes,0,yes,FOUND,
10047,https://onixdatacentres.com/wp-content/uploads/2026/03/Back-3.png,2026/03/Back-3.png,2026/03/Back-3.png,Back-3.png,,,,yes,0,no,UNUSED,not referenced by scoped content scan
6518,https://onixdatacentres.com/wp-content/uploads/2023/08/Africa-smart-city-3.png,2023/08/Africa-smart-city-3.png,2023/08/Africa-smart-city-3.png,Africa-smart-city-3.png,,"An artistic representation of a futuristic smart city skyline in Africa, with interconnected digital elements symbolising the role of data centres","Data Centres: The Silent Workhorse of Africa's Smart Cities - Pioneering a new era of urban innovation, efficiency, and sustainability",yes,0,yes,FOUND,
6594,https://onixdatacentres.com/wp-content/uploads/2023/09/ONIX-blog-image-sept12.png,2023/09/ONIX-blog-image-sept12.png,2023/09/ONIX-blog-image-sept12.png,ONIX-blog-image-sept12.png,,"Two hands passing digital data between them, symbolising network peering",Facilitating Seamless Data Exchange through Network Peering,yes,0,yes,FOUND,
6596,https://onixdatacentres.com/wp-content/uploads/2023/09/20230822_103752.jpg,2023/09/20230822_103752.jpg,2023/09/20230822_103752.jpg,20230822_103752.jpg,,,,yes,0,no,UNUSED,not referenced by scoped content scan
6597,https://onixdatacentres.com/wp-content/uploads/2023/09/image.jpeg,2023/09/image.jpeg,2023/09/image.jpeg,image.jpeg,,This image has an empty alt attribute; its file name is 20230822_103752-1024x461.jpg,,yes,0,yes,FOUND,
6604,https://onixdatacentres.com/wp-content/uploads/2023/09/ONIX-DATA-CENTER-KEELSON-STUDIOS-65.jpg,2023/09/ONIX-DATA-CENTER-KEELSON-STUDIOS-65.jpg,2023/09/ONIX-DATA-CENTER-KEELSON-STUDIOS-65.jpg,ONIX-DATA-CENTER-KEELSON-STUDIOS-65.jpg,,,,yes,0,no,UNUSED,not referenced by scoped content scan
6605,https://onixdatacentres.com/wp-content/uploads/2023/09/Onix-blog-image-26-09.png,2023/09/Onix-blog-image-26-09.png,2023/09/Onix-blog-image-26-09.png,Onix-blog-image-26-09.png,,"A fortified Onix Data Centre facility standing resilient in a disaster-stricken area, showcasing the importance of data centre resilience in Accra","Resilience in the Face of Adversity: Onix Data Centre's facility in Accra stands unyielding amidst a disaster zone, exemplifying our commitment to business continuity",yes,0,yes,FOUND,
6617,https://onixdatacentres.com/wp-content/uploads/2023/10/healthcare-onix-2.png,2023/10/healthcare-onix-2.png,2023/10/healthcare-onix-2.png,healthcare-onix-2.png,,Heart_in_Server_Rack_Onix_Data_Centre_Healthcare_Colocation,Heart in a Rack: Where Healthcare Meets Cutting-Edge Colocation Services at Onix Data Centre,yes,0,no,UNUSED,not referenced by scoped content scan
6620,https://onixdatacentres.com/wp-content/uploads/2023/10/ONIX-blog-image-03-10-a.jpg,2023/10/ONIX-blog-image-03-10-a.jpg,2023/10/ONIX-blog-image-03-10-a.jpg,ONIX-blog-image-03-10-a.jpg,,Heart_in_Server_Rack_Onix_Data_Centre_Healthcare_Colocation,Heart in a Rack: Where Healthcare Meets Cutting-Edge Colocation Services at Onix Data Centre,yes,0,yes,FOUND,
6781,https://onixdatacentres.com/wp-content/uploads/2023/10/ONIX-blog-image-oct-2.jpg,2023/10/ONIX-blog-image-oct-2.jpg,2023/10/ONIX-blog-image-oct-2.jpg,ONIX-blog-image-oct-2.jpg,,Government data storage,Government data security,yes,0,yes,FOUND,
6808,https://onixdatacentres.com/wp-content/uploads/2023/11/DSC_1084.jpg,2023/11/DSC_1084.jpg,2023/11/DSC_1084.jpg,DSC_1084.jpg,,,,yes,0,no,UNUSED,not referenced by scoped content scan
6810,https://onixdatacentres.com/wp-content/uploads/2023/11/20231107_150219.jpg,2023/11/20231107_150219.jpg,2023/11/20231107_150219.jpg,20231107_150219.jpg,,"Home in South Tongu, Ghana, destroyed by the flooding",Home destroyed by river flooding,yes,0,yes,FOUND,
6814,https://onixdatacentres.com/wp-content/uploads/2023/11/DSC_1027.jpg,2023/11/DSC_1027.jpg,2023/11/DSC_1027.jpg,DSC_1027.jpg,,,,yes,0,no,UNUSED,not referenced by scoped content scan
6815,https://onixdatacentres.com/wp-content/uploads/2023/11/DSC_1038.jpg,2023/11/DSC_1038.jpg,2023/11/DSC_1038.jpg,DSC_1038.jpg,,,,yes,0,no,UNUSED,not referenced by scoped content scan
6817,https://onixdatacentres.com/wp-content/uploads/2023/11/DSC_1068.jpg,2023/11/DSC_1068.jpg,2023/11/DSC_1068.jpg,DSC_1068.jpg,,,,yes,0,no,UNUSED,not referenced by scoped content scan
6818,https://onixdatacentres.com/wp-content/uploads/2023/11/DSC_1071.jpg,2023/11/DSC_1071.jpg,2023/11/DSC_1071.jpg,DSC_1071.jpg,,,,yes,0,no,UNUSED,not referenced by scoped content scan
6819,https://onixdatacentres.com/wp-content/uploads/2023/11/OCGX3958.jpg,2023/11/OCGX3958.jpg,2023/11/OCGX3958.jpg,OCGX3958.jpg,,,,yes,0,no,UNUSED,not referenced by scoped content scan
6820,https://onixdatacentres.com/wp-content/uploads/2023/11/OCGX4054.jpg,2023/11/OCGX4054.jpg,2023/11/OCGX4054.jpg,OCGX4054.jpg,,,,yes,0,no,UNUSED,not referenced by scoped content scan
6824,https://onixdatacentres.com/wp-content/uploads/2023/11/20231107_152322.jpg,2023/11/20231107_152322.jpg,2023/11/20231107_152322.jpg,20231107_152322.jpg,,,,yes,0,no,UNUSED,not referenced by scoped content scan
6825,https://onixdatacentres.com/wp-content/uploads/2023/11/20231107_124352.jpg,2023/11/20231107_124352.jpg,2023/11/20231107_124352.jpg,20231107_124352.jpg,,,,yes,0,no,UNUSED,not referenced by scoped content scan
6916,https://onixdatacentres.com/wp-content/uploads/2023/11/BlueSPACE-Onix-Team-Onsite-visit-1.jpeg,2023/11/BlueSPACE-Onix-Team-Onsite-visit-1.jpeg,2023/11/BlueSPACE-Onix-Team-Onsite-visit-1.jpeg,BlueSPACE-Onix-Team-Onsite-visit-1.jpeg,,Onix and BlueSPACE team at Onix Data Centre,Onix and BlueSPACE team meet at Onix Data Centre,yes,0,yes,FOUND,
6952,https://onixdatacentres.com/wp-content/uploads/2023/12/20231212094516.png,2023/12/20231212094516.png,2023/12/20231212094516.png,20231212094516.png,,African interconnection report,African interconnection report,yes,0,yes,FOUND,
6954,https://onixdatacentres.com/wp-content/uploads/2023/12/20231212094823.png,2023/12/20231212094823.png,2023/12/20231212094823.png,20231212094823.png,,,,yes,0,yes,FOUND,
6965,https://onixdatacentres.com/wp-content/uploads/2024/01/ONIX-DATA-CENTER-KEELSON-STUDIOS-51.jpg,2024/01/ONIX-DATA-CENTER-KEELSON-STUDIOS-51.jpg,2024/01/ONIX-DATA-CENTER-KEELSON-STUDIOS-51.jpg,ONIX-DATA-CENTER-KEELSON-STUDIOS-51.jpg,,,,yes,0,no,UNUSED,not referenced by scoped content scan
6968,https://onixdatacentres.com/wp-content/uploads/2024/01/ONIX-blog-image-Jan-16.png,2024/01/ONIX-blog-image-Jan-16.png,2024/01/ONIX-blog-image-Jan-16.png,ONIX-blog-image-Jan-16.png,,Vertiv Onix new year analysis,Vertiv Onix new year analysis,yes,0,yes,FOUND,
6976,https://onixdatacentres.com/wp-content/uploads/2024/01/ONIX-logo-press.png,2024/01/ONIX-logo-press.png,2024/01/ONIX-logo-press.png,ONIX-logo-press.png,,Onix Data Centre Logo,Onix Data Centre Logo,yes,0,yes,FOUND,
7052,https://onixdatacentres.com/wp-content/uploads/2024/02/ONIX-blog-image-20-feb.jpg,2024/02/ONIX-blog-image-20-feb.jpg,2024/02/ONIX-blog-image-20-feb.jpg,ONIX-blog-image-20-feb.jpg,,"Abstract illustration of a radiant sun casting light over stylized solar panels, representing the sustainable energy powering Onix Data Centres",,yes,0,yes,FOUND,
7056,https://onixdatacentres.com/wp-content/uploads/2024/03/digital-ghana.png,2024/03/digital-ghana.png,2024/03/digital-ghana.png,digital-ghana.png,,,,yes,0,yes,FOUND,
7059,https://onixdatacentres.com/wp-content/uploads/2024/03/ONIX-blog-image-7-March-.png,2024/03/ONIX-blog-image-7-March-.png,2024/03/ONIX-blog-image-7-March-.png,ONIX-blog-image-7-March-.png,,Edge computing cloud on a circuit board,Cloud computing in Ghana,yes,0,yes,FOUND,
7146,https://onixdatacentres.com/wp-content/uploads/2024/03/ONIX-blog-image-18-03.png,2024/03/ONIX-blog-image-18-03.png,2024/03/ONIX-blog-image-18-03.png,ONIX-blog-image-18-03.png,,Submarine internet cables cut,Submarine internet cables cut,yes,0,yes,FOUND,
7253,https://onixdatacentres.com/wp-content/uploads/2024/03/ONIX-blog-image-26-03.png,2024/03/ONIX-blog-image-26-03.png,2024/03/ONIX-blog-image-26-03.png,ONIX-blog-image-26-03.png,,Digital hands at work on a virtual computer,Virtual/cloud computing at Onix,yes,0,yes,FOUND,
7332,https://onixdatacentres.com/wp-content/uploads/2024/04/20240312_150056.jpg,2024/04/20240312_150056.jpg,2024/04/20240312_150056.jpg,20240312_150056.jpg,,"Yen Choi, CEO Onix Data centre and Andrew Achampong-Kyei, Esq., MD of GLICO General, sign partnership","Yen Choi, CEO Onix Data Centres and Andrew Achampong-Kyei, Esq., MD of GLICO General, sign partnership",yes,0,yes,FOUND,
7334,https://onixdatacentres.com/wp-content/uploads/2024/04/20240312_145852.jpg,2024/04/20240312_145852.jpg,2024/04/20240312_145852.jpg,20240312_145852.jpg,,,Signing of agreement,yes,0,no,UNUSED,not referenced by scoped content scan
7335,https://onixdatacentres.com/wp-content/uploads/2024/04/20240312_150217.jpg,2024/04/20240312_150217.jpg,2024/04/20240312_150217.jpg,20240312_150217.jpg,,Onix and GLICO team after signing partnership,Onix and GLICO team after signing partnership,yes,0,no,UNUSED,not referenced by scoped content scan
7336,https://onixdatacentres.com/wp-content/uploads/2024/04/20240312_150447.jpg,2024/04/20240312_150447.jpg,2024/04/20240312_150447.jpg,20240312_150447.jpg,,"Yen Choi, CEO Onix Data centre and Andrew Achampong-Kyei, Esq., MD of GLICO General, sign partnership",Onix and GLICO sign partnership,yes,0,no,UNUSED,not referenced by scoped content scan
7337,https://onixdatacentres.com/wp-content/uploads/2024/04/20240312_145756.jpg,2024/04/20240312_145756.jpg,2024/04/20240312_145756.jpg,20240312_145756.jpg,,Onix and GLICO partnership signed,Onix and GLICO partnership signed,yes,0,no,UNUSED,not referenced by scoped content scan
7461,https://onixdatacentres.com/wp-content/uploads/2024/04/ONIX-blog-image-Apr-23.png,2024/04/ONIX-blog-image-Apr-23.png,2024/04/ONIX-blog-image-Apr-23.png,ONIX-blog-image-Apr-23.png,,Onix data centre as a supermarket of solutions,Onix data centre as a supermarket of solutions,yes,0,yes,FOUND,
7532,https://onixdatacentres.com/wp-content/uploads/2024/05/20240507092212.png,2024/05/20240507092212.png,2024/05/20240507092212.png,20240507092212.png,,African Data Centre Association,African Data Centre Association,yes,0,yes,FOUND,
7550,https://onixdatacentres.com/wp-content/uploads/2024/05/ONIX-blog-image-14-May.png,2024/05/ONIX-blog-image-14-May.png,2024/05/ONIX-blog-image-14-May.png,ONIX-blog-image-14-May.png,,Financial Data Sovereignty Africa,Financial Data Sovereignty Africa,yes,0,yes,FOUND,
7620,https://onixdatacentres.com/wp-content/uploads/2024/05/data-centres-worldwide.png,2024/05/data-centres-worldwide.png,2024/05/data-centres-worldwide.png,data-centres-worldwide.png,,,,yes,0,yes,FOUND,
7623,https://onixdatacentres.com/wp-content/uploads/2024/05/May-28.jpg,2024/05/May-28.jpg,2024/05/May-28.jpg,May-28.jpg,,Connecting data centres worldwide,Connecting data centres worldwide,yes,0,yes,FOUND,
7672,https://onixdatacentres.com/wp-content/uploads/2024/06/ONIX-blog-image-June.jpg,2024/06/ONIX-blog-image-June.jpg,2024/06/ONIX-blog-image-June.jpg,ONIX-blog-image-June.jpg,,Data Centre Collaboration,Data Centre Collaboration ,yes,0,yes,FOUND,
7673,https://onixdatacentres.com/wp-content/uploads/2024/06/Media.jpeg,2024/06/Media.jpeg,2024/06/Media.jpeg,Media.jpeg,,,,yes,0,no,UNUSED,not referenced by scoped content scan
7678,https://onixdatacentres.com/wp-content/uploads/2024/06/20240610_144954369_iOS-rotated.jpg,2024/06/20240610_144954369_iOS-rotated.jpg,2024/06/20240610_144954369_iOS-rotated.jpg,20240610_144954369_iOS-rotated.jpg,,Onix and Sekoe Chocolates,Onix and Sekoe Chocolates,yes,0,no,UNUSED,not referenced by scoped content scan
7679,https://onixdatacentres.com/wp-content/uploads/2024/06/20240610_145115866_iOS.jpg,2024/06/20240610_145115866_iOS.jpg,2024/06/20240610_145115866_iOS.jpg,20240610_145115866_iOS.jpg,,Onix and Sekoe Chocolates,Onix and Sekoe Chocolates,yes,0,no,UNUSED,not referenced by scoped content scan
7680,https://onixdatacentres.com/wp-content/uploads/2024/06/20240610_145052576_iOS-rotated.jpg,2024/06/20240610_145052576_iOS-rotated.jpg,2024/06/20240610_145052576_iOS-rotated.jpg,20240610_145052576_iOS-rotated.jpg,,Onix and Sekoe Chocolates,Onix and Sekoe Chocolates,yes,0,no,UNUSED,not referenced by scoped content scan
7681,https://onixdatacentres.com/wp-content/uploads/2024/06/20240610_145127526_iOS.jpg,2024/06/20240610_145127526_iOS.jpg,2024/06/20240610_145127526_iOS.jpg,20240610_145127526_iOS.jpg,,Onix and Sekoe Chocolates,Onix and Sekoe Chocolates,yes,0,no,UNUSED,not referenced by scoped content scan
7682,https://onixdatacentres.com/wp-content/uploads/2024/06/20240610_145031005_iOS-rotated.jpg,2024/06/20240610_145031005_iOS-rotated.jpg,2024/06/20240610_145031005_iOS-rotated.jpg,20240610_145031005_iOS-rotated.jpg,,Onix and Sekoe Chocolates,Onix and Sekoe Chocolates,yes,0,no,UNUSED,not referenced by scoped content scan
7683,https://onixdatacentres.com/wp-content/uploads/2024/06/20240610_145009400_iOS-rotated.jpg,2024/06/20240610_145009400_iOS-rotated.jpg,2024/06/20240610_145009400_iOS-rotated.jpg,20240610_145009400_iOS-rotated.jpg,,Onix and Sekoe Chocolates,Onix and Sekoe Chocolates,yes,0,yes,FOUND,
7821,https://onixdatacentres.com/wp-content/uploads/2024/07/ONIX-blog-image-Jul-9.jpg,2024/07/ONIX-blog-image-Jul-9.jpg,2024/07/ONIX-blog-image-Jul-9.jpg,ONIX-blog-image-Jul-9.jpg,,"AI, Sustainability and data centres","AI, Sustainability and data centres",yes,0,yes,FOUND,
7966,https://onixdatacentres.com/wp-content/uploads/2024/07/BSOD-blog-image.jpg,2024/07/BSOD-blog-image.jpg,2024/07/BSOD-blog-image.jpg,BSOD-blog-image.jpg,,Blue screen of death crowdstrike,Blue screen of death crowdstrike,yes,0,yes,FOUND,
7967,https://onixdatacentres.com/wp-content/uploads/2024/07/interner-outages-worldwide.png,2024/07/interner-outages-worldwide.png,2024/07/interner-outages-worldwide.png,interner-outages-worldwide.png,,,,yes,0,yes,FOUND,
7998,https://onixdatacentres.com/wp-content/uploads/2024/10/data-hospital-5.png,2024/10/data-hospital-5.png,2024/10/data-hospital-5.png,data-hospital-5.png,,,,yes,0,no,UNUSED,not referenced by scoped content scan
8001,https://onixdatacentres.com/wp-content/uploads/2024/10/data-hospital-5-edited.png,2024/10/data-hospital-5-edited.png,2024/10/data-hospital-5-edited.png,data-hospital-5-edited.png,,,,yes,0,no,UNUSED,not referenced by scoped content scan
8002,https://onixdatacentres.com/wp-content/uploads/2024/10/data-hospital-5-edited-1.png,2024/10/data-hospital-5-edited-1.png,2024/10/data-hospital-5-edited-1.png,data-hospital-5-edited-1.png,,,,yes,0,no,UNUSED,not referenced by scoped content scan
8018,https://onixdatacentres.com/wp-content/uploads/2024/10/data-hospital-4.png,2024/10/data-hospital-4.png,2024/10/data-hospital-4.png,data-hospital-4.png,,,,yes,0,no,UNUSED,not referenced by scoped content scan
8019,https://onixdatacentres.com/wp-content/uploads/2024/10/data-hospital-4-edited.png,2024/10/data-hospital-4-edited.png,2024/10/data-hospital-4-edited.png,data-hospital-4-edited.png,,,,yes,0,no,UNUSED,not referenced by scoped content scan
8020,https://onixdatacentres.com/wp-content/uploads/2024/10/data-hospital-4-edited-1.png,2024/10/data-hospital-4-edited-1.png,2024/10/data-hospital-4-edited-1.png,data-hospital-4-edited-1.png,,,,yes,0,yes,FOUND,
8022,https://onixdatacentres.com/wp-content/uploads/2024/10/WhatsApp-Image-2024-10-14-at-12.18.13.jpeg,2024/10/WhatsApp-Image-2024-10-14-at-12.18.13.jpeg,2024/10/WhatsApp-Image-2024-10-14-at-12.18.13.jpeg,WhatsApp-Image-2024-10-14-at-12.18.13.jpeg,,Health care and data in Africa,Health care and data in Africa,yes,0,yes,FOUND,
8024,https://onixdatacentres.com/wp-content/uploads/2024/10/yevu_Digital_written_across_the_african_continent_in_a_futurist_f9ec7c59-1090-45e4-8c35-12ee7ccf6e40.png,2024/10/yevu_Digital_written_across_the_african_continent_in_a_futurist_f9ec7c59-1090-45e4-8c35-12ee7ccf6e40.png,2024/10/yevu_Digital_written_across_the_african_continent_in_a_futurist_f9ec7c59-1090-45e4-8c35-12ee7ccf6e40.png,yevu_Digital_written_across_the_african_continent_in_a_futurist_f9ec7c59-1090-45e4-8c35-12ee7ccf6e40.png,,,,yes,0,no,UNUSED,not referenced by scoped content scan
8025,https://onixdatacentres.com/wp-content/uploads/2024/10/yevu_Digital_written_across_the_african_continent_in_a_futurist_f9ec7c59-1090-45e4-8c35-12ee7ccf6e40-1.png,2024/10/yevu_Digital_written_across_the_african_continent_in_a_futurist_f9ec7c59-1090-45e4-8c35-12ee7ccf6e40-1.png,2024/10/yevu_Digital_written_across_the_african_continent_in_a_futurist_f9ec7c59-1090-45e4-8c35-12ee7ccf6e40-1.png,yevu_Digital_written_across_the_african_continent_in_a_futurist_f9ec7c59-1090-45e4-8c35-12ee7ccf6e40-1.png,,,,yes,0,no,UNUSED,not referenced by scoped content scan
8026,https://onixdatacentres.com/wp-content/uploads/2024/10/yevu_Digital_written_across_the_african_continent_in_a_futurist_f9ec7c59-1090-45e4-8c35-12ee7ccf6e40-1-edited.png,2024/10/yevu_Digital_written_across_the_african_continent_in_a_futurist_f9ec7c59-1090-45e4-8c35-12ee7ccf6e40-1-edited.png,2024/10/yevu_Digital_written_across_the_african_continent_in_a_futurist_f9ec7c59-1090-45e4-8c35-12ee7ccf6e40-1-edited.png,yevu_Digital_written_across_the_african_continent_in_a_futurist_f9ec7c59-1090-45e4-8c35-12ee7ccf6e40-1-edited.png,,,,yes,0,yes,FOUND,
8027,https://onixdatacentres.com/wp-content/uploads/2024/10/African-elephant-digital-transformation.jpeg,2024/10/African-elephant-digital-transformation.jpeg,2024/10/African-elephant-digital-transformation.jpeg,African-elephant-digital-transformation.jpeg,,African Elephant digital transformation,Digital transformation in Africa,yes,0,yes,FOUND,
8167,https://onixdatacentres.com/wp-content/uploads/2024/11/DJI_0721.jpg,2024/11/DJI_0721.jpg,2024/11/DJI_0721.jpg,DJI_0721.jpg,,Drone eye view of Onix Data Centre,Drone eye view of Onix Data Centre,yes,0,no,UNUSED,not referenced by scoped content scan
8315,https://onixdatacentres.com/wp-content/uploads/2024/11/NOV-BLOG.png,2024/11/NOV-BLOG.png,2024/11/NOV-BLOG.png,NOV-BLOG.png,,"Onix data centre, Accra","Onix data centre, Accra",yes,0,yes,FOUND,
8317,https://onixdatacentres.com/wp-content/uploads/2024/11/image0.jpeg,2024/11/image0.jpeg,2024/11/image0.jpeg,image0.jpeg,,Nurani Nimpuno and Lenny McKinlay announce partnership,Nurani Nimpuno and Lenny McKinlay announce partnership,yes,0,no,UNUSED,not referenced by scoped content scan
8318,https://onixdatacentres.com/wp-content/uploads/2024/11/image1.jpeg,2024/11/image1.jpeg,2024/11/image1.jpeg,image1.jpeg,,Onix and LINX announce partnership,Onix and LINX announce partnership,yes,0,no,UNUSED,not referenced by scoped content scan
8319,https://onixdatacentres.com/wp-content/uploads/2024/11/Screenshot-2024-11-08-at-17.00.47.png,2024/11/Screenshot-2024-11-08-at-17.00.47.png,2024/11/Screenshot-2024-11-08-at-17.00.47.png,Screenshot-2024-11-08-at-17.00.47.png,,LINX at Onix Data Centre,LINX at Onix Data Centre,yes,0,no,UNUSED,not referenced by scoped content scan
8320,https://onixdatacentres.com/wp-content/uploads/2024/11/ONIX-Accra.png,2024/11/ONIX-Accra.png,2024/11/ONIX-Accra.png,ONIX-Accra.png,,London Internet Exchange and Onix partner in Ghana,London Internet Exchange and Onix partner in Ghana,yes,0,yes,FOUND,
8323,https://onixdatacentres.com/wp-content/uploads/2024/11/Onix-Linx-01.png,2024/11/Onix-Linx-01.png,2024/11/Onix-Linx-01.png,Onix-Linx-01.png,,Nurani (LINX) and Lenny (Onix) launch partnership at CTATF,Nurani (LINX) and Lenny (Onix) launch partnership at CTATF,yes,0,no,UNUSED,not referenced by scoped content scan
8325,https://onixdatacentres.com/wp-content/uploads/2024/11/Onix-Linx-02.jpg,2024/11/Onix-Linx-02.jpg,2024/11/Onix-Linx-02.jpg,Onix-Linx-02.jpg,,,,yes,0,no,UNUSED,not referenced by scoped content scan
8333,https://onixdatacentres.com/wp-content/uploads/2024/11/Onix-Linx-03.jpg,2024/11/Onix-Linx-03.jpg,2024/11/Onix-Linx-03.jpg,Onix-Linx-03.jpg,,,,yes,0,no,UNUSED,not referenced by scoped content scan
8503,https://onixdatacentres.com/wp-content/uploads/2024/12/WhatsApp-Image-2024-12-02-at-16.12.11.jpeg,2024/12/WhatsApp-Image-2024-12-02-at-16.12.11.jpeg,2024/12/WhatsApp-Image-2024-12-02-at-16.12.11.jpeg,WhatsApp-Image-2024-12-02-at-16.12.11.jpeg,,Onix Tier IV Data Centre,Onix Tier IV Data Centre,yes,0,yes,FOUND,
8510,https://onixdatacentres.com/wp-content/uploads/2024/12/Data-centre-Christmas-shopping.webp,2024/12/Data-centre-Christmas-shopping.webp,2024/12/Data-centre-Christmas-shopping.webp,Data-centre-Christmas-shopping.webp,,,,yes,0,no,UNUSED,not referenced by scoped content scan
8512,https://onixdatacentres.com/wp-content/uploads/2024/12/Data-Centre-Christmas-movies.webp,2024/12/Data-Centre-Christmas-movies.webp,2024/12/Data-Centre-Christmas-movies.webp,Data-Centre-Christmas-movies.webp,,,,yes,0,no,UNUSED,not referenced by scoped content scan
8513,https://onixdatacentres.com/wp-content/uploads/2024/12/Data-Centre-Christmas-movies-edited.webp,2024/12/Data-Centre-Christmas-movies-edited.webp,2024/12/Data-Centre-Christmas-movies-edited.webp,Data-Centre-Christmas-movies-edited.webp,,,,yes,0,yes,FOUND,
8517,https://onixdatacentres.com/wp-content/uploads/2024/12/data-centre-christmas.png,2024/12/data-centre-christmas.png,2024/12/data-centre-christmas.png,data-centre-christmas.png,,Data Centres at Christmas,Data Centres at Christmas,yes,0,no,UNUSED,not referenced by scoped content scan
8518,https://onixdatacentres.com/wp-content/uploads/2024/12/WhatsApp-Image-2024-12-17-at-10.21.21.jpeg,2024/12/WhatsApp-Image-2024-12-17-at-10.21.21.jpeg,2024/12/WhatsApp-Image-2024-12-17-at-10.21.21.jpeg,WhatsApp-Image-2024-12-17-at-10.21.21.jpeg,,Data Centre at Christmas,Data Centre at Christmas,yes,0,yes,FOUND,
8525,https://onixdatacentres.com/wp-content/uploads/2025/01/Resolution-.png,2025/01/Resolution-.png,2025/01/Resolution-.png,Resolution-.png,,Onix Data Centre New Years Resolution,Onix Data Centre New Years Resolution,yes,0,no,UNUSED,not referenced by scoped content scan
8531,https://onixdatacentres.com/wp-content/uploads/2025/01/New-Years-Resolution-new.png,2025/01/New-Years-Resolution-new.png,2025/01/New-Years-Resolution-new.png,New-Years-Resolution-new.png,,Data Centre New Year Resolution,Data Centre New Year Resolution,yes,0,yes,FOUND,
8622,https://onixdatacentres.com/wp-content/uploads/2025/01/Local-data-centres-Africa-Ghana.webp,2025/01/Local-data-centres-Africa-Ghana.webp,2025/01/Local-data-centres-Africa-Ghana.webp,Local-data-centres-Africa-Ghana.webp,,,,yes,0,no,UNUSED,not referenced by scoped content scan
8631,https://onixdatacentres.com/wp-content/uploads/2025/01/Blog-image-jan.png,2025/01/Blog-image-jan.png,2025/01/Blog-image-jan.png,Blog-image-jan.png,,Onix Data Centre - Local Hosting in Ghana,Onix Data Centre - Local Hosting in Ghana,yes,0,yes,FOUND,
8641,https://onixdatacentres.com/wp-content/uploads/2025/02/image.webp,2025/02/image.webp,2025/02/image.webp,image.webp,,,,yes,0,no,UNUSED,not referenced by scoped content scan
8646,https://onixdatacentres.com/wp-content/uploads/2025/02/Blog-image-Feb.png,2025/02/Blog-image-Feb.png,2025/02/Blog-image-Feb.png,Blog-image-Feb.png,,Frustrated Business Owner Facing Error 503 Website Downtime,Frustrated Business Owner Facing Error 503 Website Downtime,yes,0,yes,FOUND,
8653,https://onixdatacentres.com/wp-content/uploads/2025/02/ghana-doctor-nurse-tablet-digital.png,2025/02/ghana-doctor-nurse-tablet-digital.png,2025/02/ghana-doctor-nurse-tablet-digital.png,ghana-doctor-nurse-tablet-digital.png,,ghana doctor nurse tablet digital,,yes,0,no,UNUSED,not referenced by scoped content scan
8655,https://onixdatacentres.com/wp-content/uploads/2025/02/18-feb-blog-a.png,2025/02/18-feb-blog-a.png,2025/02/18-feb-blog-a.png,18-feb-blog-a.png,,"A futuristic digital map of Ghana with glowing red and blue data points, representing connectivity and synchronisation across the country. Interconnected lines symbolise data flow and digital integration.","A visual representation of Ghana’s journey towards a synchronised digital economy, where businesses, government agencies, and institutions are seamlessly connected through data.
",yes,0,yes,FOUND,
8661,https://onixdatacentres.com/wp-content/uploads/2025/03/search-for-talent.webp,2025/03/search-for-talent.webp,2025/03/search-for-talent.webp,search-for-talent.webp,,,,yes,0,no,UNUSED,not referenced by scoped content scan
8663,https://onixdatacentres.com/wp-content/uploads/2025/03/4-Mar-Blog.png,2025/03/4-Mar-Blog.png,2025/03/4-Mar-Blog.png,4-Mar-Blog.png,,"A futuristic, glowing map of Africa with interconnected neon data streams representing AI, fintech, and digital transformation. Beneath the continent, energy surges upward, symbolising innovation and technological growth.","Africa’s digital transformation depends on reliable infrastructure, energy resilience, and data sovereignty.
",yes,0,yes,FOUND,
8672,https://onixdatacentres.com/wp-content/uploads/2025/03/collab-digi-infrastructure.webp,2025/03/collab-digi-infrastructure.webp,2025/03/collab-digi-infrastructure.webp,collab-digi-infrastructure.webp,,,,yes,0,no,UNUSED,not referenced by scoped content scan
8676,https://onixdatacentres.com/wp-content/uploads/2025/03/Digital-Infrastructure-Africa.jpg,2025/03/Digital-Infrastructure-Africa.jpg,2025/03/Digital-Infrastructure-Africa.jpg,Digital-Infrastructure-Africa.jpg,,"A futuristic digital map of Ghana showing fibre-optic connections between data centres, hospitals, banks, and government institutions, symbolising national digital infrastructure.",Digital Infrastructure Africa,yes,0,yes,FOUND,
8704,https://onixdatacentres.com/wp-content/uploads/2025/04/IMG_6015.jpg,2025/04/IMG_6015.jpg,2025/04/IMG_6015.jpg,IMG_6015.jpg,,Stylised digital map of Africa with glowing data circuits and the ONIX logo beneath a skyline.,Tier IV data centres. Onix is building the digital infrastructure Africa needs to thrive.,yes,0,yes,FOUND,
8708,https://onixdatacentres.com/wp-content/uploads/2025/04/A1793057-DC09-41BF-9F22-3D103BAA8C7C.jpeg,2025/04/A1793057-DC09-41BF-9F22-3D103BAA8C7C.jpeg,2025/04/A1793057-DC09-41BF-9F22-3D103BAA8C7C.jpeg,A1793057-DC09-41BF-9F22-3D103BAA8C7C.jpeg,,,,yes,0,no,UNUSED,not referenced by scoped content scan
8709,https://onixdatacentres.com/wp-content/uploads/2025/04/A1793057-DC09-41BF-9F22-3D103BAA8C7C-1.jpeg,2025/04/A1793057-DC09-41BF-9F22-3D103BAA8C7C-1.jpeg,2025/04/A1793057-DC09-41BF-9F22-3D103BAA8C7C-1.jpeg,A1793057-DC09-41BF-9F22-3D103BAA8C7C-1.jpeg,,,,yes,0,no,UNUSED,not referenced by scoped content scan
8710,https://onixdatacentres.com/wp-content/uploads/2025/04/A1793057-DC09-41BF-9F22-3D103BAA8C7C-2.jpeg,2025/04/A1793057-DC09-41BF-9F22-3D103BAA8C7C-2.jpeg,2025/04/A1793057-DC09-41BF-9F22-3D103BAA8C7C-2.jpeg,A1793057-DC09-41BF-9F22-3D103BAA8C7C-2.jpeg,,,,yes,0,no,UNUSED,not referenced by scoped content scan
8752,https://onixdatacentres.com/wp-content/uploads/2025/04/WhatsApp-Image-2025-04-16-at-15.03.05.jpeg,2025/04/WhatsApp-Image-2025-04-16-at-15.03.05.jpeg,2025/04/WhatsApp-Image-2025-04-16-at-15.03.05.jpeg,WhatsApp-Image-2025-04-16-at-15.03.05.jpeg,,,,yes,0,yes,FOUND,
8753,https://onixdatacentres.com/wp-content/uploads/2025/04/WhatsApp-Image-2025-04-23-at-09.11.56.jpeg,2025/04/WhatsApp-Image-2025-04-23-at-09.11.56.jpeg,2025/04/WhatsApp-Image-2025-04-23-at-09.11.56.jpeg,WhatsApp-Image-2025-04-23-at-09.11.56.jpeg,,,,yes,0,no,UNUSED,not referenced by scoped content scan
8754,https://onixdatacentres.com/wp-content/uploads/2025/04/WhatsApp-Image-2025-04-16-at-18.41.05-5.jpeg,2025/04/WhatsApp-Image-2025-04-16-at-18.41.05-5.jpeg,2025/04/WhatsApp-Image-2025-04-16-at-18.41.05-5.jpeg,WhatsApp-Image-2025-04-16-at-18.41.05-5.jpeg,,,,yes,0,no,UNUSED,not referenced by scoped content scan
8755,https://onixdatacentres.com/wp-content/uploads/2025/04/WhatsApp-Image-2025-04-23-at-09.11.59.jpeg,2025/04/WhatsApp-Image-2025-04-23-at-09.11.59.jpeg,2025/04/WhatsApp-Image-2025-04-23-at-09.11.59.jpeg,WhatsApp-Image-2025-04-23-at-09.11.59.jpeg,,,,yes,0,no,UNUSED,not referenced by scoped content scan
8756,https://onixdatacentres.com/wp-content/uploads/2025/04/WhatsApp-Image-2025-04-23-at-09.11.57.jpeg,2025/04/WhatsApp-Image-2025-04-23-at-09.11.57.jpeg,2025/04/WhatsApp-Image-2025-04-23-at-09.11.57.jpeg,WhatsApp-Image-2025-04-23-at-09.11.57.jpeg,,,,yes,0,no,UNUSED,not referenced by scoped content scan
8757,https://onixdatacentres.com/wp-content/uploads/2025/04/WhatsApp-Image-2025-04-23-at-09.11.58.jpeg,2025/04/WhatsApp-Image-2025-04-23-at-09.11.58.jpeg,2025/04/WhatsApp-Image-2025-04-23-at-09.11.58.jpeg,WhatsApp-Image-2025-04-23-at-09.11.58.jpeg,,,,yes,0,no,UNUSED,not referenced by scoped content scan
8758,https://onixdatacentres.com/wp-content/uploads/2025/04/WhatsApp-Image-2025-04-16-at-15.40.19.jpeg,2025/04/WhatsApp-Image-2025-04-16-at-15.40.19.jpeg,2025/04/WhatsApp-Image-2025-04-16-at-15.40.19.jpeg,WhatsApp-Image-2025-04-16-at-15.40.19.jpeg,,Razak Awudulai and his fellow panelists at GITEX AFRICA 2025,Razak Awudulai and his fellow panelists at GITEX AFRICA 2025,yes,0,yes,FOUND,
8774,https://onixdatacentres.com/wp-content/uploads/2025/05/WhatsApp-Image-2025-04-30-at-07.36.51.jpeg,2025/05/WhatsApp-Image-2025-04-30-at-07.36.51.jpeg,2025/05/WhatsApp-Image-2025-04-30-at-07.36.51.jpeg,WhatsApp-Image-2025-04-30-at-07.36.51.jpeg,,Onix and London Internet Exchange partnership,Onix and London Internet Exchange partnership,yes,0,no,UNUSED,not referenced by scoped content scan
8775,https://onixdatacentres.com/wp-content/uploads/2025/05/WhatsApp-Image-2025-04-30-at-07.36.51-1.jpeg,2025/05/WhatsApp-Image-2025-04-30-at-07.36.51-1.jpeg,2025/05/WhatsApp-Image-2025-04-30-at-07.36.51-1.jpeg,WhatsApp-Image-2025-04-30-at-07.36.51-1.jpeg,,,,yes,0,no,UNUSED,not referenced by scoped content scan
8776,https://onixdatacentres.com/wp-content/uploads/2025/05/WhatsApp-Image-2025-04-30-at-07.36.51-1-1.jpeg,2025/05/WhatsApp-Image-2025-04-30-at-07.36.51-1-1.jpeg,2025/05/WhatsApp-Image-2025-04-30-at-07.36.51-1-1.jpeg,WhatsApp-Image-2025-04-30-at-07.36.51-1-1.jpeg,,,,yes,0,no,UNUSED,not referenced by scoped content scan
8777,https://onixdatacentres.com/wp-content/uploads/2025/05/WhatsApp-Image-2025-04-30-at-07.36.43.jpeg,2025/05/WhatsApp-Image-2025-04-30-at-07.36.43.jpeg,2025/05/WhatsApp-Image-2025-04-30-at-07.36.43.jpeg,WhatsApp-Image-2025-04-30-at-07.36.43.jpeg,,,,yes,0,no,UNUSED,not referenced by scoped content scan
8778,https://onixdatacentres.com/wp-content/uploads/2025/05/WhatsApp-Image-2025-04-30-at-07.36.53-2.jpeg,2025/05/WhatsApp-Image-2025-04-30-at-07.36.53-2.jpeg,2025/05/WhatsApp-Image-2025-04-30-at-07.36.53-2.jpeg,WhatsApp-Image-2025-04-30-at-07.36.53-2.jpeg,,,,yes,0,no,UNUSED,not referenced by scoped content scan
8779,https://onixdatacentres.com/wp-content/uploads/2025/05/WhatsApp-Image-2025-04-30-at-07.36.53.jpeg,2025/05/WhatsApp-Image-2025-04-30-at-07.36.53.jpeg,2025/05/WhatsApp-Image-2025-04-30-at-07.36.53.jpeg,WhatsApp-Image-2025-04-30-at-07.36.53.jpeg,,,,yes,0,no,UNUSED,not referenced by scoped content scan
8783,https://onixdatacentres.com/wp-content/uploads/2025/05/WhatsApp-Image-2025-04-30-at-07.36.55-2.jpeg,2025/05/WhatsApp-Image-2025-04-30-at-07.36.55-2.jpeg,2025/05/WhatsApp-Image-2025-04-30-at-07.36.55-2.jpeg,WhatsApp-Image-2025-04-30-at-07.36.55-2.jpeg,,LINX meets the Onix Data Centres team,LINX meets the Onix Data Centres team,yes,0,yes,FOUND,
8786,https://onixdatacentres.com/wp-content/uploads/2025/05/20250430_160348.jpg,2025/05/20250430_160348.jpg,2025/05/20250430_160348.jpg,20250430_160348.jpg,,,,yes,0,no,UNUSED,not referenced by scoped content scan
8787,https://onixdatacentres.com/wp-content/uploads/2025/05/20250430_173312.jpg,2025/05/20250430_173312.jpg,2025/05/20250430_173312.jpg,20250430_173312.jpg,,,,yes,0,no,UNUSED,not referenced by scoped content scan
8788,https://onixdatacentres.com/wp-content/uploads/2025/05/20250430_173312-1.jpg,2025/05/20250430_173312-1.jpg,2025/05/20250430_173312-1.jpg,20250430_173312-1.jpg,,,,yes,0,no,UNUSED,not referenced by scoped content scan
8791,https://onixdatacentres.com/wp-content/uploads/2025/05/WhatsApp-Image-2025-05-06-at-10.22.09-3.jpeg,2025/05/WhatsApp-Image-2025-05-06-at-10.22.09-3.jpeg,2025/05/WhatsApp-Image-2025-05-06-at-10.22.09-3.jpeg,WhatsApp-Image-2025-05-06-at-10.22.09-3.jpeg,,,,yes,0,no,UNUSED,not referenced by scoped content scan
8797,https://onixdatacentres.com/wp-content/uploads/2025/05/386A4868.jpg,2025/05/386A4868.jpg,2025/05/386A4868.jpg,386A4868.jpg,,,,yes,0,no,UNUSED,not referenced by scoped content scan
8798,https://onixdatacentres.com/wp-content/uploads/2025/05/386A5110.jpg,2025/05/386A5110.jpg,2025/05/386A5110.jpg,386A5110.jpg,,,,yes,0,no,UNUSED,not referenced by scoped content scan
8799,https://onixdatacentres.com/wp-content/uploads/2025/05/386A5131.jpg,2025/05/386A5131.jpg,2025/05/386A5131.jpg,386A5131.jpg,,,,yes,0,no,UNUSED,not referenced by scoped content scan
8800,https://onixdatacentres.com/wp-content/uploads/2025/05/386A5110-1.jpg,2025/05/386A5110-1.jpg,2025/05/386A5110-1.jpg,386A5110-1.jpg,,,,yes,0,no,UNUSED,not referenced by scoped content scan
8801,https://onixdatacentres.com/wp-content/uploads/2025/05/386A5132.jpg,2025/05/386A5132.jpg,2025/05/386A5132.jpg,386A5132.jpg,,,,yes,0,no,UNUSED,not referenced by scoped content scan
8802,https://onixdatacentres.com/wp-content/uploads/2025/05/386A4952.jpg,2025/05/386A4952.jpg,2025/05/386A4952.jpg,386A4952.jpg,,,,yes,0,no,UNUSED,not referenced by scoped content scan
8803,https://onixdatacentres.com/wp-content/uploads/2025/05/386A4979.jpg,2025/05/386A4979.jpg,2025/05/386A4979.jpg,386A4979.jpg,,,,yes,0,no,UNUSED,not referenced by scoped content scan
8839,https://onixdatacentres.com/wp-content/uploads/2025/05/WhatsApp-Image-2025-05-27-at-10.55.10.jpeg,2025/05/WhatsApp-Image-2025-05-27-at-10.55.10.jpeg,2025/05/WhatsApp-Image-2025-05-27-at-10.55.10.jpeg,WhatsApp-Image-2025-05-27-at-10.55.10.jpeg,,Carrier-Neutral Data Centres Freedom. Flexibility. Future-Ready.,"Carrier-Neutral Data Centres
Freedom. Flexibility. Future-Ready.",yes,0,yes,FOUND,
8856,https://onixdatacentres.com/wp-content/uploads/2025/06/WhatsApp-Image-2025-06-09-at-11.28.25.jpeg,2025/06/WhatsApp-Image-2025-06-09-at-11.28.25.jpeg,2025/06/WhatsApp-Image-2025-06-09-at-11.28.25.jpeg,WhatsApp-Image-2025-06-09-at-11.28.25.jpeg,,"Minimalist digital illustration showing a diagonal split between abstract data centre infrastructure and renewable energy elements, symbolising the balance between technology and sustainability.","A visual metaphor for the partnership between Africa’s growing data infrastructure and renewable energy solutions.
",yes,0,yes,FOUND,
8995,https://onixdatacentres.com/wp-content/uploads/2025/07/20250624_104336.jpg,2025/07/20250624_104336.jpg,2025/07/20250624_104336.jpg,20250624_104336.jpg,,,,yes,0,no,UNUSED,not referenced by scoped content scan
8997,https://onixdatacentres.com/wp-content/uploads/2025/07/20250624_130648.jpg,2025/07/20250624_130648.jpg,2025/07/20250624_130648.jpg,20250624_130648.jpg,,,,yes,0,no,UNUSED,not referenced by scoped content scan
8998,https://onixdatacentres.com/wp-content/uploads/2025/07/20250624_130648-1.jpg,2025/07/20250624_130648-1.jpg,2025/07/20250624_130648-1.jpg,20250624_130648-1.jpg,,,,yes,0,no,UNUSED,not referenced by scoped content scan
9001,https://onixdatacentres.com/wp-content/uploads/2025/07/WhatsApp-Image-2025-06-09-at-15.16.29.jpeg,2025/07/WhatsApp-Image-2025-06-09-at-15.16.29.jpeg,2025/07/WhatsApp-Image-2025-06-09-at-15.16.29.jpeg,WhatsApp-Image-2025-06-09-at-15.16.29.jpeg,,Onix at Pan African Data Centre exhibition,Onix at Pan African Data Centre exhibition,yes,0,yes,FOUND,
9008,https://onixdatacentres.com/wp-content/uploads/2025/07/PXGH-04-JUL-25-DSC09529.jpg,2025/07/PXGH-04-JUL-25-DSC09529.jpg,2025/07/PXGH-04-JUL-25-DSC09529.jpg,PXGH-04-JUL-25-DSC09529.jpg,,Linx Accra Launch in Ghana with Onix,Linx Accra Launch in Ghana with Onix,yes,0,yes,FOUND,
9009,https://onixdatacentres.com/wp-content/uploads/2025/07/PXGH-04-JUL-25-DSC09413.jpg,2025/07/PXGH-04-JUL-25-DSC09413.jpg,2025/07/PXGH-04-JUL-25-DSC09413.jpg,PXGH-04-JUL-25-DSC09413.jpg,,,,yes,0,no,UNUSED,not referenced by scoped content scan
9010,https://onixdatacentres.com/wp-content/uploads/2025/07/PXGH-04-JUL-25-DSC09413-1.jpg,2025/07/PXGH-04-JUL-25-DSC09413-1.jpg,2025/07/PXGH-04-JUL-25-DSC09413-1.jpg,PXGH-04-JUL-25-DSC09413-1.jpg,,,,yes,0,no,UNUSED,not referenced by scoped content scan
9012,https://onixdatacentres.com/wp-content/uploads/2025/07/20250703_110805-rotated.jpg,2025/07/20250703_110805-rotated.jpg,2025/07/20250703_110805-rotated.jpg,20250703_110805-rotated.jpg,,,,yes,0,no,UNUSED,not referenced by scoped content scan
9013,https://onixdatacentres.com/wp-content/uploads/2025/07/20250703_110805-1-rotated.jpg,2025/07/20250703_110805-1-rotated.jpg,2025/07/20250703_110805-1-rotated.jpg,20250703_110805-1-rotated.jpg,,,,yes,0,no,UNUSED,not referenced by scoped content scan
9014,https://onixdatacentres.com/wp-content/uploads/2025/07/20250703_110805-2-rotated.jpg,2025/07/20250703_110805-2-rotated.jpg,2025/07/20250703_110805-2-rotated.jpg,20250703_110805-2-rotated.jpg,,,,yes,0,no,UNUSED,not referenced by scoped content scan
9015,https://onixdatacentres.com/wp-content/uploads/2025/07/20250703_110805-2-edited.jpg,2025/07/20250703_110805-2-edited.jpg,2025/07/20250703_110805-2-edited.jpg,20250703_110805-2-edited.jpg,,,,yes,0,no,UNUSED,not referenced by scoped content scan
9017,https://onixdatacentres.com/wp-content/uploads/2025/07/20250703_184754.jpg,2025/07/20250703_184754.jpg,2025/07/20250703_184754.jpg,20250703_184754.jpg,,,,yes,0,no,UNUSED,not referenced by scoped content scan
9018,https://onixdatacentres.com/wp-content/uploads/2025/07/20250703_1138210-rotated.jpg,2025/07/20250703_1138210-rotated.jpg,2025/07/20250703_1138210-rotated.jpg,20250703_1138210-rotated.jpg,,,,yes,0,no,UNUSED,not referenced by scoped content scan
9019,https://onixdatacentres.com/wp-content/uploads/2025/07/20250703_113803.jpg,2025/07/20250703_113803.jpg,2025/07/20250703_113803.jpg,20250703_113803.jpg,,,,yes,0,no,UNUSED,not referenced by scoped content scan
9020,https://onixdatacentres.com/wp-content/uploads/2025/07/20250703_185647.jpg,2025/07/20250703_185647.jpg,2025/07/20250703_185647.jpg,20250703_185647.jpg,,,,yes,0,no,UNUSED,not referenced by scoped content scan
9021,https://onixdatacentres.com/wp-content/uploads/2025/07/20250703_110606.jpg,2025/07/20250703_110606.jpg,2025/07/20250703_110606.jpg,20250703_110606.jpg,,,,yes,0,no,UNUSED,not referenced by scoped content scan
9022,https://onixdatacentres.com/wp-content/uploads/2025/07/20250703_110443.jpg,2025/07/20250703_110443.jpg,2025/07/20250703_110443.jpg,20250703_110443.jpg,,,,yes,0,no,UNUSED,not referenced by scoped content scan
9023,https://onixdatacentres.com/wp-content/uploads/2025/07/20250703_110740.jpg,2025/07/20250703_110740.jpg,2025/07/20250703_110740.jpg,20250703_110740.jpg,,,,yes,0,no,UNUSED,not referenced by scoped content scan
9024,https://onixdatacentres.com/wp-content/uploads/2025/07/20250703_110737-rotated.jpg,2025/07/20250703_110737-rotated.jpg,2025/07/20250703_110737-rotated.jpg,20250703_110737-rotated.jpg,,,,yes,0,no,UNUSED,not referenced by scoped content scan
9025,https://onixdatacentres.com/wp-content/uploads/2025/07/20250703_110808-rotated.jpg,2025/07/20250703_110808-rotated.jpg,2025/07/20250703_110808-rotated.jpg,20250703_110808-rotated.jpg,,,,yes,0,no,UNUSED,not referenced by scoped content scan
9026,https://onixdatacentres.com/wp-content/uploads/2025/07/20250703_110805-3-rotated.jpg,2025/07/20250703_110805-3-rotated.jpg,2025/07/20250703_110805-3-rotated.jpg,20250703_110805-3-rotated.jpg,,,,yes,0,no,UNUSED,not referenced by scoped content scan
9027,https://onixdatacentres.com/wp-content/uploads/2025/07/20250703_170235-rotated.jpg,2025/07/20250703_170235-rotated.jpg,2025/07/20250703_170235-rotated.jpg,20250703_170235-rotated.jpg,,,,yes,0,no,UNUSED,not referenced by scoped content scan
9029,https://onixdatacentres.com/wp-content/uploads/2025/07/PXGH-04-JUL-25-DSC08557.jpg,2025/07/PXGH-04-JUL-25-DSC08557.jpg,2025/07/PXGH-04-JUL-25-DSC08557.jpg,PXGH-04-JUL-25-DSC08557.jpg,,,,yes,0,no,UNUSED,not referenced by scoped content scan
9030,https://onixdatacentres.com/wp-content/uploads/2025/07/PXGH-04-JUL-25-DSC08566.jpg,2025/07/PXGH-04-JUL-25-DSC08566.jpg,2025/07/PXGH-04-JUL-25-DSC08566.jpg,PXGH-04-JUL-25-DSC08566.jpg,,,,yes,0,no,UNUSED,not referenced by scoped content scan
9031,https://onixdatacentres.com/wp-content/uploads/2025/07/PXGH-04-JUL-25-DSC08785.jpg,2025/07/PXGH-04-JUL-25-DSC08785.jpg,2025/07/PXGH-04-JUL-25-DSC08785.jpg,PXGH-04-JUL-25-DSC08785.jpg,,,,yes,0,no,UNUSED,not referenced by scoped content scan
9032,https://onixdatacentres.com/wp-content/uploads/2025/07/PXGH-04-JUL-25-DSC08863.jpg,2025/07/PXGH-04-JUL-25-DSC08863.jpg,2025/07/PXGH-04-JUL-25-DSC08863.jpg,PXGH-04-JUL-25-DSC08863.jpg,,,,yes,0,no,UNUSED,not referenced by scoped content scan
9033,https://onixdatacentres.com/wp-content/uploads/2025/07/PXGH-04-JUL-25-DSC09122.jpg,2025/07/PXGH-04-JUL-25-DSC09122.jpg,2025/07/PXGH-04-JUL-25-DSC09122.jpg,PXGH-04-JUL-25-DSC09122.jpg,,,,yes,0,no,UNUSED,not referenced by scoped content scan
9034,https://onixdatacentres.com/wp-content/uploads/2025/07/PXGH-04-JUL-25-DSC09180.jpg,2025/07/PXGH-04-JUL-25-DSC09180.jpg,2025/07/PXGH-04-JUL-25-DSC09180.jpg,PXGH-04-JUL-25-DSC09180.jpg,,,,yes,0,no,UNUSED,not referenced by scoped content scan
9035,https://onixdatacentres.com/wp-content/uploads/2025/07/PXGH-04-JUL-25-DSC09213.jpg,2025/07/PXGH-04-JUL-25-DSC09213.jpg,2025/07/PXGH-04-JUL-25-DSC09213.jpg,PXGH-04-JUL-25-DSC09213.jpg,,,,yes,0,no,UNUSED,not referenced by scoped content scan
9036,https://onixdatacentres.com/wp-content/uploads/2025/07/PXGH-04-JUL-25-DSC09270.jpg,2025/07/PXGH-04-JUL-25-DSC09270.jpg,2025/07/PXGH-04-JUL-25-DSC09270.jpg,PXGH-04-JUL-25-DSC09270.jpg,,,,yes,0,no,UNUSED,not referenced by scoped content scan
9037,https://onixdatacentres.com/wp-content/uploads/2025/07/PXGH-04-JUL-25-DSC09296.jpg,2025/07/PXGH-04-JUL-25-DSC09296.jpg,2025/07/PXGH-04-JUL-25-DSC09296.jpg,PXGH-04-JUL-25-DSC09296.jpg,,,,yes,0,no,UNUSED,not referenced by scoped content scan
9038,https://onixdatacentres.com/wp-content/uploads/2025/07/PXGH-04-JUL-25-DSC09312.jpg,2025/07/PXGH-04-JUL-25-DSC09312.jpg,2025/07/PXGH-04-JUL-25-DSC09312.jpg,PXGH-04-JUL-25-DSC09312.jpg,,,,yes,0,no,UNUSED,not referenced by scoped content scan
9039,https://onixdatacentres.com/wp-content/uploads/2025/07/PXGH-04-JUL-25-DSC09399.jpg,2025/07/PXGH-04-JUL-25-DSC09399.jpg,2025/07/PXGH-04-JUL-25-DSC09399.jpg,PXGH-04-JUL-25-DSC09399.jpg,,,,yes,0,no,UNUSED,not referenced by scoped content scan
9040,https://onixdatacentres.com/wp-content/uploads/2025/07/PXGH-04-JUL-25-DSC09510.jpg,2025/07/PXGH-04-JUL-25-DSC09510.jpg,2025/07/PXGH-04-JUL-25-DSC09510.jpg,PXGH-04-JUL-25-DSC09510.jpg,,,,yes,0,no,UNUSED,not referenced by scoped content scan
9041,https://onixdatacentres.com/wp-content/uploads/2025/07/PXGH-04-JUL-25-DSC09529-1.jpg,2025/07/PXGH-04-JUL-25-DSC09529-1.jpg,2025/07/PXGH-04-JUL-25-DSC09529-1.jpg,PXGH-04-JUL-25-DSC09529-1.jpg,,,,yes,0,no,UNUSED,not referenced by scoped content scan
9050,https://onixdatacentres.com/wp-content/uploads/2025/07/Onix-students-3.jpeg,2025/07/Onix-students-3.jpeg,2025/07/Onix-students-3.jpeg,Onix-students-3.jpeg,,,,yes,0,yes,FOUND,
9052,https://onixdatacentres.com/wp-content/uploads/2025/07/Onix-students-12.jpeg,2025/07/Onix-students-12.jpeg,2025/07/Onix-students-12.jpeg,Onix-students-12.jpeg,,,,yes,0,no,UNUSED,not referenced by scoped content scan
9054,https://onixdatacentres.com/wp-content/uploads/2025/07/Onix-students-11.jpeg,2025/07/Onix-students-11.jpeg,2025/07/Onix-students-11.jpeg,Onix-students-11.jpeg,,,,yes,0,no,UNUSED,not referenced by scoped content scan
9055,https://onixdatacentres.com/wp-content/uploads/2025/07/Onix-students-3-1.jpeg,2025/07/Onix-students-3-1.jpeg,2025/07/Onix-students-3-1.jpeg,Onix-students-3-1.jpeg,,,,yes,0,no,UNUSED,not referenced by scoped content scan
9056,https://onixdatacentres.com/wp-content/uploads/2025/07/Onix-students-12-1.jpeg,2025/07/Onix-students-12-1.jpeg,2025/07/Onix-students-12-1.jpeg,Onix-students-12-1.jpeg,,,,yes,0,no,UNUSED,not referenced by scoped content scan
9057,https://onixdatacentres.com/wp-content/uploads/2025/07/Onix-Students-13.jpeg,2025/07/Onix-Students-13.jpeg,2025/07/Onix-Students-13.jpeg,Onix-Students-13.jpeg,,,,yes,0,no,UNUSED,not referenced by scoped content scan
9058,https://onixdatacentres.com/wp-content/uploads/2025/07/Onix-students-15.jpeg,2025/07/Onix-students-15.jpeg,2025/07/Onix-students-15.jpeg,Onix-students-15.jpeg,,,,yes,0,no,UNUSED,not referenced by scoped content scan
9059,https://onixdatacentres.com/wp-content/uploads/2025/07/Onix-students-5.jpeg,2025/07/Onix-students-5.jpeg,2025/07/Onix-students-5.jpeg,Onix-students-5.jpeg,,,,yes,0,no,UNUSED,not referenced by scoped content scan
9060,https://onixdatacentres.com/wp-content/uploads/2025/07/Onix-students-14.jpeg,2025/07/Onix-students-14.jpeg,2025/07/Onix-students-14.jpeg,Onix-students-14.jpeg,,,,yes,0,no,UNUSED,not referenced by scoped content scan
9061,https://onixdatacentres.com/wp-content/uploads/2025/07/Onix-students-1-.jpeg,2025/07/Onix-students-1-.jpeg,2025/07/Onix-students-1-.jpeg,Onix-students-1-.jpeg,,,,yes,0,no,UNUSED,not referenced by scoped content scan
9062,https://onixdatacentres.com/wp-content/uploads/2025/07/Onix-students-2.jpeg,2025/07/Onix-students-2.jpeg,2025/07/Onix-students-2.jpeg,Onix-students-2.jpeg,,,,yes,0,no,UNUSED,not referenced by scoped content scan
9063,https://onixdatacentres.com/wp-content/uploads/2025/07/Onix-students-8.jpeg,2025/07/Onix-students-8.jpeg,2025/07/Onix-students-8.jpeg,Onix-students-8.jpeg,,,,yes,0,no,UNUSED,not referenced by scoped content scan
9064,https://onixdatacentres.com/wp-content/uploads/2025/07/Onix-students-4.jpeg,2025/07/Onix-students-4.jpeg,2025/07/Onix-students-4.jpeg,Onix-students-4.jpeg,,,,yes,0,no,UNUSED,not referenced by scoped content scan
9065,https://onixdatacentres.com/wp-content/uploads/2025/07/Onix-students-9.jpeg,2025/07/Onix-students-9.jpeg,2025/07/Onix-students-9.jpeg,Onix-students-9.jpeg,,,,yes,0,no,UNUSED,not referenced by scoped content scan
9066,https://onixdatacentres.com/wp-content/uploads/2025/07/Onix-students-6.jpeg,2025/07/Onix-students-6.jpeg,2025/07/Onix-students-6.jpeg,Onix-students-6.jpeg,,,,yes,0,no,UNUSED,not referenced by scoped content scan
9067,https://onixdatacentres.com/wp-content/uploads/2025/07/Onix-students-7.jpeg,2025/07/Onix-students-7.jpeg,2025/07/Onix-students-7.jpeg,Onix-students-7.jpeg,,,,yes,0,no,UNUSED,not referenced by scoped content scan
9068,https://onixdatacentres.com/wp-content/uploads/2025/07/Onix-students-10.jpeg,2025/07/Onix-students-10.jpeg,2025/07/Onix-students-10.jpeg,Onix-students-10.jpeg,,,,yes,0,no,UNUSED,not referenced by scoped content scan
9122,https://onixdatacentres.com/wp-content/uploads/2025/08/DCbyte-infographic.png,2025/08/DCbyte-infographic.png,2025/08/DCbyte-infographic.png,DCbyte-infographic.png,,,,yes,0,no,UNUSED,not referenced by scoped content scan
9125,https://onixdatacentres.com/wp-content/uploads/2025/08/5-Aug-Blog.png,2025/08/5-Aug-Blog.png,2025/08/5-Aug-Blog.png,5-Aug-Blog.png,,"A digital map overlay of Ghana showing connected data nodes across a coastal cityscape, representing Ghana’s growing role in digital infrastructure.","Ghana is emerging as a key hub for data centre growth and digital connectivity in Africa.
",yes,0,yes,FOUND,
9558,https://onixdatacentres.com/wp-content/uploads/2025/08/26-Aug-Blog-2.jpg,2025/08/26-Aug-Blog-2.jpg,2025/08/26-Aug-Blog-2.jpg,26-Aug-Blog-2.jpg,,"A Ghanaian businessman at his desk viewing a laptop screen stuck on a loading icon, symbolising digital latency.","Even milliseconds matter, when platforms are hosted overseas, users in Africa are left waiting.
",yes,0,yes,FOUND,
9559,https://onixdatacentres.com/wp-content/uploads/2025/08/WhatsApp-Image-2025-08-26-at-11.04.54.jpeg,2025/08/WhatsApp-Image-2025-08-26-at-11.04.54.jpeg,2025/08/WhatsApp-Image-2025-08-26-at-11.04.54.jpeg,WhatsApp-Image-2025-08-26-at-11.04.54.jpeg,,Aerial digital illustration of a lake with two glowing data routes — a straight path over a bridge labelled “Low Latency” and a winding red path around the lake labelled “High Latency.”,"This conceptual image compares network latency using a stylised landscape. A straight, blue-green bridge represents a fast, low-latency route, while a longer, winding red road around the lake symbolises slower, high-latency connections. The visual metaphor highlights the speed advantage of direct, local infrastructure over distant or inefficient pathways.
",yes,0,no,UNUSED,not referenced by scoped content scan
9571,https://onixdatacentres.com/wp-content/uploads/2025/09/20250903_140309.jpg,2025/09/20250903_140309.jpg,2025/09/20250903_140309.jpg,20250903_140309.jpg,,Group photo of all speakers standing on stage during the Digital Africa Summit panel “Powering Innovation: Data Centres as the Core of Africa’s AI Revolution” in Accra.,"Speakers at the Digital Africa Summit Ghana panel on “Powering Innovation: Data Centres as the Core of Africa’s AI Revolution,” including Kris M. Senanu representing Onix Data Centres and Broadspectrum.",yes,0,yes,FOUND,
9572,https://onixdatacentres.com/wp-content/uploads/2025/09/20250903_133212.jpg,2025/09/20250903_133212.jpg,2025/09/20250903_133212.jpg,20250903_133212.jpg,,,,yes,0,no,UNUSED,not referenced by scoped content scan
9573,https://onixdatacentres.com/wp-content/uploads/2025/09/20250903_100124.jpg,2025/09/20250903_100124.jpg,2025/09/20250903_100124.jpg,20250903_100124.jpg,,,,yes,0,no,UNUSED,not referenced by scoped content scan
9574,https://onixdatacentres.com/wp-content/uploads/2025/09/20250903_101342-rotated.jpg,2025/09/20250903_101342-rotated.jpg,2025/09/20250903_101342-rotated.jpg,20250903_101342-rotated.jpg,,,,yes,0,no,UNUSED,not referenced by scoped content scan
9575,https://onixdatacentres.com/wp-content/uploads/2025/09/20250903_141319.jpg,2025/09/20250903_141319.jpg,2025/09/20250903_141319.jpg,20250903_141319.jpg,,,,yes,0,no,UNUSED,not referenced by scoped content scan
9576,https://onixdatacentres.com/wp-content/uploads/2025/09/20250903_141431.jpg,2025/09/20250903_141431.jpg,2025/09/20250903_141431.jpg,20250903_141431.jpg,,,,yes,0,no,UNUSED,not referenced by scoped content scan
9577,https://onixdatacentres.com/wp-content/uploads/2025/09/20250903_141456.jpg,2025/09/20250903_141456.jpg,2025/09/20250903_141456.jpg,20250903_141456.jpg,,,,yes,0,no,UNUSED,not referenced by scoped content scan
9578,https://onixdatacentres.com/wp-content/uploads/2025/09/20250903_141431-1.jpg,2025/09/20250903_141431-1.jpg,2025/09/20250903_141431-1.jpg,20250903_141431-1.jpg,,,Kris Senanu interviewed by Akim at the Digtial Africa Summit,yes,0,yes,FOUND,
9579,https://onixdatacentres.com/wp-content/uploads/2025/09/20250903_101342-1-rotated.jpg,2025/09/20250903_101342-1-rotated.jpg,2025/09/20250903_101342-1-rotated.jpg,20250903_101342-1-rotated.jpg,,,Hon. Sam Nartey George sharing his insights,yes,0,yes,FOUND,
9580,https://onixdatacentres.com/wp-content/uploads/2025/09/20250903_133212-1.jpg,2025/09/20250903_133212-1.jpg,2025/09/20250903_133212-1.jpg,20250903_133212-1.jpg,,,"The Data Centre Panel, stacked with experts. ",yes,0,yes,FOUND,
9581,https://onixdatacentres.com/wp-content/uploads/2025/09/20250903_141319-1.jpg,2025/09/20250903_141319-1.jpg,2025/09/20250903_141319-1.jpg,20250903_141319-1.jpg,,,,yes,0,yes,FOUND,
9582,https://onixdatacentres.com/wp-content/uploads/2025/09/20250903_141456-1.jpg,2025/09/20250903_141456-1.jpg,2025/09/20250903_141456-1.jpg,20250903_141456-1.jpg,,,,yes,0,yes,FOUND,
9583,https://onixdatacentres.com/wp-content/uploads/2025/09/WhatsApp-Image-2025-09-03-at-10.17.46.jpeg,2025/09/WhatsApp-Image-2025-09-03-at-10.17.46.jpeg,2025/09/WhatsApp-Image-2025-09-03-at-10.17.46.jpeg,WhatsApp-Image-2025-09-03-at-10.17.46.jpeg,,,,yes,0,yes,FOUND,
9592,https://onixdatacentres.com/wp-content/uploads/2025/09/WhatsApp-Image-2025-09-29-at-22.00.37.jpeg,2025/09/WhatsApp-Image-2025-09-29-at-22.00.37.jpeg,2025/09/WhatsApp-Image-2025-09-29-at-22.00.37.jpeg,WhatsApp-Image-2025-09-29-at-22.00.37.jpeg,,"Two side-by-side gaming frames in a sci-fi corridor. Left panel shows the rival centred with a green aim marker. Right panel shows the rival a step ahead with a red aim marker, illustrating the server’s later position due to latency.","Lag changes where the server thinks players are. Every extra 1,000 km adds about 10 ms round-trip, so distance counts twice.",yes,0,no,UNUSED,not referenced by scoped content scan
9593,https://onixdatacentres.com/wp-content/uploads/2025/09/WhatsApp-Image-2025-09-29-at-22.01.07.jpeg,2025/09/WhatsApp-Image-2025-09-29-at-22.01.07.jpeg,2025/09/WhatsApp-Image-2025-09-29-at-22.01.07.jpeg,WhatsApp-Image-2025-09-29-at-22.01.07.jpeg,,"Disappointed Ghanaian gamer wearing a headset after an online match loss, “Defeat” screen blurred in the background.",Distance adds delay. Bring the server closer and the game feels fair again.,yes,0,yes,FOUND,
9594,https://onixdatacentres.com/wp-content/uploads/2025/09/WhatsApp-Image-2025-09-29-at-22.01.08.jpeg,2025/09/WhatsApp-Image-2025-09-29-at-22.01.08.jpeg,2025/09/WhatsApp-Image-2025-09-29-at-22.01.08.jpeg,WhatsApp-Image-2025-09-29-at-22.01.08.jpeg,,,,yes,0,no,UNUSED,not referenced by scoped content scan
9609,https://onixdatacentres.com/wp-content/uploads/2025/10/20251008_105830.jpg,2025/10/20251008_105830.jpg,2025/10/20251008_105830.jpg,20251008_105830.jpg,,Hon. Samuel George delivering keynote on digital sovereignty,Hon. Samuel George delivering keynote on digital sovereignty,yes,0,no,UNUSED,not referenced by scoped content scan
9610,https://onixdatacentres.com/wp-content/uploads/2025/10/20251009_202113.jpg,2025/10/20251009_202113.jpg,2025/10/20251009_202113.jpg,20251009_202113.jpg,,,,yes,0,no,UNUSED,not referenced by scoped content scan
9611,https://onixdatacentres.com/wp-content/uploads/2025/10/Fintech-4.jpeg,2025/10/Fintech-4.jpeg,2025/10/Fintech-4.jpeg,Fintech-4.jpeg,,,,yes,0,no,UNUSED,not referenced by scoped content scan
9612,https://onixdatacentres.com/wp-content/uploads/2025/10/Fin-tech-1.jpeg,2025/10/Fin-tech-1.jpeg,2025/10/Fin-tech-1.jpeg,Fin-tech-1.jpeg,,,,yes,0,no,UNUSED,not referenced by scoped content scan
9613,https://onixdatacentres.com/wp-content/uploads/2025/10/fin-tech-2.jpeg,2025/10/fin-tech-2.jpeg,2025/10/fin-tech-2.jpeg,fin-tech-2.jpeg,,,,yes,0,no,UNUSED,not referenced by scoped content scan
9614,https://onixdatacentres.com/wp-content/uploads/2025/10/fintech-6.jpeg,2025/10/fintech-6.jpeg,2025/10/fintech-6.jpeg,fintech-6.jpeg,,"Africa FinTech Summit 2025 – Accra, Ghana | October 8–10","Africa FinTech Summit 2025 – Accra, Ghana | October 8–10",yes,0,yes,FOUND,
9615,https://onixdatacentres.com/wp-content/uploads/2025/10/Fintech-3.jpeg,2025/10/Fintech-3.jpeg,2025/10/Fintech-3.jpeg,Fintech-3.jpeg,,Hon. Samuel George delivering keynote on digital sovereignty,Hon. Samuel George delivering keynote on digital sovereignty,yes,0,yes,FOUND,
9618,https://onixdatacentres.com/wp-content/uploads/2025/10/Broadspectrum-Team-at-Africa-Fintech-Summit.jpeg,2025/10/Broadspectrum-Team-at-Africa-Fintech-Summit.jpeg,2025/10/Broadspectrum-Team-at-Africa-Fintech-Summit.jpeg,Broadspectrum-Team-at-Africa-Fintech-Summit.jpeg,,,,yes,0,yes,FOUND,
9632,https://onixdatacentres.com/wp-content/uploads/2025/10/aws-blog-7.png,2025/10/aws-blog-7.png,2025/10/aws-blog-7.png,aws-blog-7.png,,"African shopkeeper standing behind a counter while a customer waits, as a POS terminal shows “No Connection,” symbolising the impact of cloud outages on local businesses.","When systems fail, small businesses feel it first — downtime costs trust, money, and opportunity.",yes,0,no,UNUSED,not referenced by scoped content scan
9636,https://onixdatacentres.com/wp-content/uploads/2025/10/WhatsApp-Image-2025-10-28-at-10.09.32.jpeg,2025/10/WhatsApp-Image-2025-10-28-at-10.09.32.jpeg,2025/10/WhatsApp-Image-2025-10-28-at-10.09.32.jpeg,WhatsApp-Image-2025-10-28-at-10.09.32.jpeg,,A glowing cloud hovering above a stylised African continent with golden data connections symbolising resilience and connectivity.,Africa’s digital resilience depends on building strong local networks and data infrastructure.,yes,0,yes,FOUND,
9868,https://onixdatacentres.com/wp-content/uploads/2025/11/WhatsApp-Image-2025-11-10-at-12.18.35.jpeg,2025/11/WhatsApp-Image-2025-11-10-at-12.18.35.jpeg,2025/11/WhatsApp-Image-2025-11-10-at-12.18.35.jpeg,WhatsApp-Image-2025-11-10-at-12.18.35.jpeg,,"Open suitcase in an Accra apartment with clothes and gifts alongside miniature glowing server racks, symbolising returnee founders whose servers are still overseas.","Every December, returnees bring their bags home to Accra – but the apps and servers their businesses run on are still hosted abroad.",yes,0,no,UNUSED,not referenced by scoped content scan
9871,https://onixdatacentres.com/wp-content/uploads/2025/11/WhatsApp-Image-2025-11-10-at-15.44.22.jpeg,2025/11/WhatsApp-Image-2025-11-10-at-15.44.22.jpeg,2025/11/WhatsApp-Image-2025-11-10-at-15.44.22.jpeg,WhatsApp-Image-2025-11-10-at-15.44.22.jpeg,,Two simple rows compare Internet routing: top shows a parcel going through a small ‘IXP’ gate directly between two houses; bottom shows the parcel detouring via an airport on a long dotted line.,Local hand-off at an Internet Exchange Point lets nearby networks swap traffic directly. The overseas detour shows why keeping Ghana-to-Ghana traffic in country is faster and steadier.,yes,0,yes,FOUND,
9938,https://onixdatacentres.com/wp-content/uploads/2025/12/WhatsApp-Image-2025-12-08-at-10.00.35-1.jpeg,2025/12/WhatsApp-Image-2025-12-08-at-10.00.35-1.jpeg,2025/12/WhatsApp-Image-2025-12-08-at-10.00.35-1.jpeg,WhatsApp-Image-2025-12-08-at-10.00.35-1.jpeg,,,,yes,0,no,UNUSED,not referenced by scoped content scan
9940,https://onixdatacentres.com/wp-content/uploads/2025/12/WhatsApp-Image-2025-12-08-at-10.00.35.jpeg,2025/12/WhatsApp-Image-2025-12-08-at-10.00.35.jpeg,2025/12/WhatsApp-Image-2025-12-08-at-10.00.35.jpeg,WhatsApp-Image-2025-12-08-at-10.00.35.jpeg,,"Open suitcase in an Accra apartment with clothes and gifts alongside miniature glowing server racks, symbolising returnee founders whose servers are still overseas.","Every December, returnees bring their bags home to Accra – but the apps and servers their businesses run on are still hosted abroad.
",yes,0,yes,FOUND,
9953,https://onixdatacentres.com/wp-content/uploads/2026/01/Gemini_Generated_Image_x5mpxox5mpxox5mp.jpeg,2026/01/Gemini_Generated_Image_x5mpxox5mpxox5mp.jpeg,2026/01/Gemini_Generated_Image_x5mpxox5mpxox5mp.jpeg,Gemini_Generated_Image_x5mpxox5mpxox5mp.jpeg,,"Diagram showing how continuity, connectivity, control, and cost certainty combine to create reliable digital infrastructure.","The four decisions that define reliable digital infrastructure.
",yes,0,no,UNUSED,not referenced by scoped content scan
9958,https://onixdatacentres.com/wp-content/uploads/2026/01/WhatsApp-Image-2026-01-07-at-10.48.54.jpeg,2026/01/WhatsApp-Image-2026-01-07-at-10.48.54.jpeg,2026/01/WhatsApp-Image-2026-01-07-at-10.48.54.jpeg,WhatsApp-Image-2026-01-07-at-10.48.54.jpeg,,"A city floating above hidden digital infrastructure, illustrating how reliable systems are invisible until they fail.","Reliability isn’t visible. Until it fails.
",yes,0,yes,FOUND,
9967,https://onixdatacentres.com/wp-content/uploads/2026/01/SLA-article.png,2026/01/SLA-article.png,2026/01/SLA-article.png,SLA-article.png,,A comparison showing a service level agreement on one side and continuous operational practices on the other.,"SLAs declare outcomes. Reliable uptime is delivered through continuous operational practice.
",yes,0,no,UNUSED,not referenced by scoped content scan
9969,https://onixdatacentres.com/wp-content/uploads/2026/01/Reliability-loop-SLA-Onix.png,2026/01/Reliability-loop-SLA-Onix.png,2026/01/Reliability-loop-SLA-Onix.png,Reliability-loop-SLA-Onix.png,,A circular diagram showing the continuous operational cycle used to maintain data centre reliability.,"Reliable uptime is sustained through a continuous cycle of preparation, monitoring, testing, maintenance, execution and review.
",yes,0,no,UNUSED,not referenced by scoped content scan
9971,https://onixdatacentres.com/wp-content/uploads/2026/01/WhatsApp-Image-2026-01-20-at-10.23.05.jpeg,2026/01/WhatsApp-Image-2026-01-20-at-10.23.05.jpeg,2026/01/WhatsApp-Image-2026-01-20-at-10.23.05.jpeg,WhatsApp-Image-2026-01-20-at-10.23.05.jpeg,,A signed service level agreement contrasted with data centre operations staff monitoring systems in a control room.,A service level agreement defines the promise. Disciplined operations deliver the uptime behind it.,yes,0,yes,FOUND,
9980,https://onixdatacentres.com/wp-content/uploads/2026/02/Gemini_Generated_Image_5tt2ei5tt2ei5tt2-1.png,2026/02/Gemini_Generated_Image_5tt2ei5tt2ei5tt2-1.png,2026/02/Gemini_Generated_Image_5tt2ei5tt2ei5tt2-1.png,Gemini_Generated_Image_5tt2ei5tt2ei5tt2-1.png,,,,yes,0,no,UNUSED,not referenced by scoped content scan
9982,https://onixdatacentres.com/wp-content/uploads/2026/02/Onix_Blog_Image3_Traditional_vs_Composable.png,2026/02/Onix_Blog_Image3_Traditional_vs_Composable.png,2026/02/Onix_Blog_Image3_Traditional_vs_Composable.png,Onix_Blog_Image3_Traditional_vs_Composable.png,,Side-by-side comparison of traditional infrastructure and composable infrastructure.,"From fixed allocations and manual provisioning to on-demand resources and automated control.
",yes,0,no,UNUSED,not referenced by scoped content scan
9984,https://onixdatacentres.com/wp-content/uploads/2026/02/Onix_Blog_Image3_Flow.png,2026/02/Onix_Blog_Image3_Flow.png,2026/02/Onix_Blog_Image3_Flow.png,Onix_Blog_Image3_Flow.png,,"Four-step diagram: define need, software composes, resources delivered, monitored and adjusted.","A simple view of how composable infrastructure works in practice.
",yes,0,no,UNUSED,not referenced by scoped content scan
9987,https://onixdatacentres.com/wp-content/uploads/2026/02/Lego-Blog-image-2.png,2026/02/Lego-Blog-image-2.png,2026/02/Lego-Blog-image-2.png,Lego-Blog-image-2.png,,Hand rearranging modular blocks to represent composable infrastructure. Hand rearranging modular blocks to represent composable infrastructure.,"Hand rearranging modular blocks to represent composable infrastructure.
",yes,0,yes,FOUND,
10106,https://onixdatacentres.com/wp-content/uploads/2026/03/Gemini_Generated_Image_t6bhy8t6bhy8t6bh.png,2026/03/Gemini_Generated_Image_t6bhy8t6bhy8t6bh.png,2026/03/Gemini_Generated_Image_t6bhy8t6bhy8t6bh.png,Gemini_Generated_Image_t6bhy8t6bhy8t6bh.png,,"Ghanaian professionals and entrepreneurs working on laptops and smartphones at an open café workspace, reflecting digital connectivity in everyday life.","	1.	Everyday connectivity in action: digital tools are becoming part of how people in Ghana work, communicate and build.
",yes,0,no,UNUSED,not referenced by scoped content scan
10110,https://onixdatacentres.com/wp-content/uploads/2026/03/Ghana@69-b.jpg,2026/03/Ghana@69-b.jpg,2026/03/Ghana@69-b.jpg,Ghana@69-b.jpg,,"A cross-section of Ghanaian society including farmers, healthcare workers, mechanics, students, professionals and parents using digital tools in everyday life.","Digitisation is supporting everyday life across Ghana, from farming and healthcare to education, business and family life.
",yes,0,yes,FOUND,
10151,https://onixdatacentres.com/wp-content/uploads/2026/03/Gemini_Generated_Image_1nd7xd1nd7xd1nd7.png,2026/03/Gemini_Generated_Image_1nd7xd1nd7xd1nd7.png,2026/03/Gemini_Generated_Image_1nd7xd1nd7xd1nd7.png,Gemini_Generated_Image_1nd7xd1nd7xd1nd7.png,,Artificial intelligence supporting modern urban systems and digital activity in an African city environment,"As AI becomes part of everyday systems, the infrastructure behind those systems becomes more important.
",yes,0,no,UNUSED,not referenced by scoped content scan
10154,https://onixdatacentres.com/wp-content/uploads/2026/03/Mar-Blog-Image-1.jpg,2026/03/Mar-Blog-Image-1.jpg,2026/03/Mar-Blog-Image-1.jpg,Mar-Blog-Image-1.jpg,,"Cross-section illustration of a modern West African city with hidden data centre, fibre, power and cooling infrastructure beneath the surface","The visible digital economy depends on infrastructure most people never see.
",yes,0,yes,FOUND,
10188,https://onixdatacentres.com/wp-content/uploads/2026/04/Africas-Digital-Infrastructure-and-Global-Conflict-Risk.jpg,2026/04/Africas-Digital-Infrastructure-and-Global-Conflict-Risk.jpg,2026/04/Africas-Digital-Infrastructure-and-Global-Conflict-Risk.jpg,Africas-Digital-Infrastructure-and-Global-Conflict-Risk.jpg,,"Satellite-style map showing Africa’s submarine cable connections to Europe and the Middle East, with overseas conflict risk highlighted around the Red Sea and Persian Gulf.","Africa’s digital infrastructure is deeply connected to global cable routes, meaning disruption in overseas chokepoints can have wider consequences for resilience on the continent.
",yes,0,yes,FOUND,
10189,https://onixdatacentres.com/wp-content/uploads/2026/04/infrastructure-behind-the-cloud.png,2026/04/infrastructure-behind-the-cloud.png,2026/04/infrastructure-behind-the-cloud.png,infrastructure-behind-the-cloud.png,,,,yes,0,no,UNUSED,not referenced by scoped content scan
10191,https://onixdatacentres.com/wp-content/uploads/2026/04/infrastructure-risk-planning.png,2026/04/infrastructure-risk-planning.png,2026/04/infrastructure-risk-planning.png,infrastructure-risk-planning.png,,,,yes,0,no,UNUSED,not referenced by scoped content scan
10204,https://onixdatacentres.com/wp-content/uploads/2026/04/Racks-Onix.png,2026/04/Racks-Onix.png,2026/04/Racks-Onix.png,Racks-Onix.png,,Secure data centre corridor with organised server racks and realistic server indicator lights.,"High-quality data centre capacity is not only about space. It depends on power, cooling, security, connectivity and operational discipline.",yes,0,no,UNUSED,not referenced by scoped content scan
10206,https://onixdatacentres.com/wp-content/uploads/2026/04/Onix-Boardroom-discussion.png,2026/04/Onix-Boardroom-discussion.png,2026/04/Onix-Boardroom-discussion.png,Onix-Boardroom-discussion.png,,"African business leaders reviewing digital infrastructure strategy, network plans and regional connectivity.","Infrastructure decisions now affect resilience, cost control, scalability and long-term business continuity.",yes,0,no,UNUSED,not referenced by scoped content scan
10208,https://onixdatacentres.com/wp-content/uploads/2026/04/Meet-me-room-Onix.png,2026/04/Meet-me-room-Onix.png,2026/04/Meet-me-room-Onix.png,Meet-me-room-Onix.png,,Meet Me Room and fibre connectivity infrastructure showing multiple carrier options and regional network routes.,"Carrier-neutral infrastructure gives businesses flexibility, redundancy and stronger long-term connectivity options.",yes,0,no,UNUSED,not referenced by scoped content scan
10212,https://onixdatacentres.com/wp-content/uploads/2026/04/Blog-Image-April.jpg,2026/04/Blog-Image-April.jpg,2026/04/Blog-Image-April.jpg,Blog-Image-April.jpg,,"Modern African city with an hourglass above hidden data centre infrastructure, representing the timing of digital infrastructure decisions.","As Africa’s digital economy grows, resilient infrastructure planning is becoming a timing decision.",yes,0,yes,FOUND,
10220,https://onixdatacentres.com/wp-content/uploads/2026/05/hidden-office-server-room-risk.png,2026/05/hidden-office-server-room-risk.png,2026/05/hidden-office-server-room-risk.png,hidden-office-server-room-risk.png,,"Small office server room visible behind a partially open door, showing cables, equipment and cooling limitations.",Many infrastructure risks remain hidden until the business is under pressure.,yes,0,no,UNUSED,not referenced by scoped content scan
10222,https://onixdatacentres.com/wp-content/uploads/2026/05/colocation-migration-planning-business-continuity.png,2026/05/colocation-migration-planning-business-continuity.png,2026/05/colocation-migration-planning-business-continuity.png,colocation-migration-planning-business-continuity.png,,"Infrastructure migration planning table with rack diagrams, checklist and data centre visible in the background.",Moving from a server room to colocation should be planned as a business continuity decision.,yes,0,no,UNUSED,not referenced by scoped content scan
10228,https://onixdatacentres.com/wp-content/uploads/2026/05/server-room-vs-data-centre-colocation-ghana-onix.jpeg,2026/05/server-room-vs-data-centre-colocation-ghana-onix.jpeg,2026/05/server-room-vs-data-centre-colocation-ghana-onix.jpeg,server-room-vs-data-centre-colocation-ghana-onix.jpeg,,Comparison between an office server room and a professional data centre for secure colocation in Ghana.,"A server room can hold equipment, but that does not make it a data centre.",yes,0,yes,FOUND,
10255,https://onixdatacentres.com/wp-content/uploads/2026/06/Onix-Health-Care.png,2026/06/Onix-Health-Care.png,2026/06/Onix-Health-Care.png,Onix-Health-Care.png,,Secure Ghana health data visualisation connected to ONIX data centre infrastructure.,"As Ghana’s healthcare systems become more digital, secure local infrastructure will play a growing role in protecting sensitive health data and supporting resilient digital health services.",yes,0,yes,FOUND,
10256,https://onixdatacentres.com/wp-content/uploads/2026/06/health-data-security.png,2026/06/health-data-security.png,2026/06/health-data-security.png,health-data-security.png,,Secure digital health records stored in protected data centre infrastructure.,"Health data sovereignty depends not only on regulation, but on where sensitive systems are hosted, how they are secured and who controls access.",yes,0,no,UNUSED,not referenced by scoped content scan
10258,https://onixdatacentres.com/wp-content/uploads/2026/06/Health-data-infrastructure.png,2026/06/Health-data-infrastructure.png,2026/06/Health-data-infrastructure.png,Health-data-infrastructure.png,,Digital health services connected to secure data centre infrastructure.,"Telemedicine, AI diagnostics, health records, insurance platforms and public health systems all depend on secure, resilient infrastructure beneath them.",yes,0,no,UNUSED,not referenced by scoped content scan
10271,https://onixdatacentres.com/wp-content/uploads/2026/06/Africa-Global-Data-Centre-network.png,2026/06/Africa-Global-Data-Centre-network.png,2026/06/Africa-Global-Data-Centre-network.png,Africa-Global-Data-Centre-network.png,,,,yes,0,no,UNUSED,not referenced by scoped content scan
10273,https://onixdatacentres.com/wp-content/uploads/2026/06/esponsible-african-data-centre-growth-onix.png,2026/06/esponsible-african-data-centre-growth-onix.png,2026/06/esponsible-african-data-centre-growth-onix.png,esponsible-african-data-centre-growth-onix.png,,,,yes,0,no,UNUSED,not referenced by scoped content scan
10276,https://onixdatacentres.com/wp-content/uploads/2026/06/africa-global-ai-infrastructure-map-onix.png,2026/06/africa-global-ai-infrastructure-map-onix.png,2026/06/africa-global-ai-infrastructure-map-onix.png,africa-global-ai-infrastructure-map-onix.png,,"Onix data centre in Africa connected to global digital infrastructure networks, with solar panels and data routes linking Africa to the world.","As AI increases global demand for data-centre capacity, Africa has an opportunity to become a stronger part of the world’s digital infrastructure map.",yes,0,yes,FOUND,
10284,https://onixdatacentres.com/wp-content/uploads/2026/06/Nigeria-digital-sovreignty.png,2026/06/Nigeria-digital-sovreignty.png,2026/06/Nigeria-digital-sovreignty.png,Nigeria-digital-sovreignty.png,,"Digital map of West Africa highlighting Ghana and Nigeria, connected by secure data flows above a modern data centre and city skyline.","Secure data, stronger economies. Ghana and Nigeria are part of a wider West African shift towards stronger data sovereignty, resilient infrastructure and trusted digital growth.",yes,0,yes,FOUND,
10286,https://onixdatacentres.com/wp-content/uploads/2026/07/Ghanas-Digital-Ecosystem.png,2026/07/Ghanas-Digital-Ecosystem.png,2026/07/Ghanas-Digital-Ecosystem.png,Ghanas-Digital-Ecosystem.png,,"Infographic showing Ghana’s digital ecosystem, with data centres connected to financial institutions, regulators, cloud providers, internet exchanges, fibre networks, businesses and citizens.","Ghana’s digital future depends on coordinated investment in resilient data centres, secure connectivity, effective regulation, cloud services and trusted digital infrastructure.",yes,0,no,UNUSED,not referenced by scoped content scan
10294,https://onixdatacentres.com/wp-content/uploads/2026/07/onix-power-cut-02-office-vs-tier-iv-data-centre.png,2026/07/onix-power-cut-02-office-vs-tier-iv-data-centre.png,2026/07/onix-power-cut-02-office-vs-tier-iv-data-centre.png,onix-power-cut-02-office-vs-tier-iv-data-centre.png,,"A dark office affected by a power cut contrasted with a fully operational Tier IV data centre, illustrating the difference resilient infrastructure makes.",A conventional office may grind to a halt during a power failure. A Tier IV data centre is engineered to keep critical services running.,yes,0,no,UNUSED,not referenced by scoped content scan
10298,https://onixdatacentres.com/wp-content/uploads/2026/07/onix-power-cut-03-ups-instant-response.png,2026/07/onix-power-cut-03-ups-instant-response.png,2026/07/onix-power-cut-03-ups-instant-response.png,onix-power-cut-03-ups-instant-response.png,,Electricity seamlessly transfers from the national grid to an uninterruptible power supply before continuing to critical server infrastructure.,"The UPS bridges the gap between utility power and backup generation, ensuring applications continue running without interruption.",yes,0,no,UNUSED,not referenced by scoped content scan
10301,https://onixdatacentres.com/wp-content/uploads/2026/07/onix-power-cut-04-generators-start.png,2026/07/onix-power-cut-04-generators-start.png,2026/07/onix-power-cut-04-generators-start.png,onix-power-cut-04-generators-start.png,,Backup generators automatically assume the electrical load while critical IT systems continue operating inside a Tier IV data centre.,"As the UPS maintains continuous power, the generators come online to support the facility for as long as required.",yes,0,no,UNUSED,not referenced by scoped content scan
10303,https://onixdatacentres.com/wp-content/uploads/2026/07/onix-power-cut-05-data-centre-cutaway.png,2026/07/onix-power-cut-05-data-centre-cutaway.png,2026/07/onix-power-cut-05-data-centre-cutaway.png,onix-power-cut-05-data-centre-cutaway.png,,"An architectural cutaway illustrating the interconnected cooling, power, connectivity, fire protection and security systems that support a Tier IV data centre.",Behind every server is an ecosystem of resilient infrastructure working together to maintain continuous operations.,yes,0,no,UNUSED,not referenced by scoped content scan
10305,https://onixdatacentres.com/wp-content/uploads/2026/07/onix-power-cut-06-business-continuity.png,2026/07/onix-power-cut-06-business-continuity.png,2026/07/onix-power-cut-06-business-continuity.png,onix-power-cut-06-business-continuity.png,,"Healthcare, finance, telecommunications, logistics, retail, manufacturing, professional services and security operations continue working because they are supported by resilient data centre infrastructure.","Hospitals, banks, retailers, logistics providers and other organisations continue serving customers because resilient digital infrastructure keeps their critical systems online.",yes,0,no,UNUSED,not referenced by scoped content scan
10309,https://onixdatacentres.com/wp-content/uploads/2026/07/light-out-hero-wordpress.jpg,2026/07/light-out-hero-wordpress.jpg,2026/07/light-out-hero-wordpress.jpg,light-out-hero-wordpress.jpg,,"A city experiences a widespread power outage while a Tier IV data centre remains fully operational, symbolising resilient digital infrastructure.","When the grid fails, resilient infrastructure ensures critical digital services continue without interruption.",yes,0,yes,FOUND,