legacy_attachment_id,filename,upload_path,original_url,mime_type,alt_text,title,uploads_archive_status
"13","AdobeStock_341274506_Preview.jpeg","2021/10/AdobeStock_341274506_Preview.jpeg","https://onixdatacentres.com/adobestock_341274506_preview/","","","AdobeStock_341274506_Preview","pending"
"18","onix-logo.png","2021/10/onix-logo.png","https://onixdatacentres.com/onix-logo/","","","onix logo","pending"
"19","cropped-onix-logo.png","2021/10/cropped-onix-logo.png","https://onixdatacentres.com/cropped-onix-logo-png/","","","cropped-onix-logo.png","pending"
"20","cropped-cropped-onix-logo.png","2021/10/cropped-cropped-onix-logo.png","https://onixdatacentres.com/cropped-cropped-onix-logo-png/","","","cropped-cropped-onix-logo.png","pending"
"49","AdobeStock_341274506_Preview-1.jpeg","2021/10/AdobeStock_341274506_Preview-1.jpeg","https://onixdatacentres.com/adobestock_341274506_preview-2/","","","AdobeStock_341274506_Preview","pending"
"156","business-black-office-businessman-man-laptop-coach-coaching-entrepreneur_t20_PJ2ZX7-scaled.jpg","2021/10/business-black-office-businessman-man-laptop-coach-coaching-entrepreneur_t20_PJ2ZX7-scaled.jpg","https://onixdatacentres.com/business-black-office-businessman-man-laptop-coach-coaching-entrepreneur_t20_pj2zx7/","","","business-black-office-businessman-man-laptop-coach-coaching-entrepreneur_t20_PJ2ZX7","pending"
"236","onix_red.png","2021/10/onix_red.png","https://onixdatacentres.com/?attachment_id=236","","","onix_red","pending"
"313","data-center-server-cloud-technology-network-business-digital-system-line-database-service-security_t20_E0e9P4-scaled.jpg","2021/10/data-center-server-cloud-technology-network-business-digital-system-line-database-service-security_t20_E0e9P4-scaled.jpg","https://onixdatacentres.com/data-center-drawing-business-technology-concept-digital-design-futuristic-information-server-room-3d-render/","","","Data center drawing Business technology concept Digital design Futuristic information Server room 3d render","pending"
"333","image-removebg-preview-2.png","2021/10/image-removebg-preview-2.png","https://onixdatacentres.com/image-removebg-preview-2/","","","image-removebg-preview (2)","pending"
"449","SIEMENS.jpg","2021/10/SIEMENS.jpg","https://onixdatacentres.com/siemens/","","","SIEMENS","pending"
"450","KOHLER.jpeg","2021/10/KOHLER.jpeg","https://onixdatacentres.com/kohler/","","","KOHLER","pending"
"451","Schneider.jpeg","2021/10/Schneider.jpeg","https://onixdatacentres.com/schneider/","","","Schneider","pending"
"452","EATON.jpeg","2021/10/EATON.jpeg","https://onixdatacentres.com/eaton/","","","EATON","pending"
"453","DAIKIN.jpeg","2021/10/DAIKIN.jpeg","https://onixdatacentres.com/daikin/","","","DAIKIN","pending"
"454","CKR.jpeg","2021/10/CKR.jpeg","https://onixdatacentres.com/ckr/","","","CKR","pending"
"455","AIIM-e1651824136624.png","2021/10/AIIM-e1651824136624.png","https://onixdatacentres.com/aiim/","","","AIIM","pending"
"456","Vertiv.jpeg","2021/10/Vertiv.jpeg","https://onixdatacentres.com/vertiv/","","","Vertiv","pending"
"457","Uptime.jpeg","2021/10/Uptime.jpeg","https://onixdatacentres.com/uptime/","","","Uptime","pending"
"533","modern-essentials-798265-unsplash.jpg","2021/10/modern-essentials-798265-unsplash.jpg","https://onixdatacentres.com/modern-essentials-798265-unsplash-jpg/","","","modern-essentials-798265-unsplash.jpg","pending"
"534","modern-essentials-792821-unsplash.jpg","2021/10/modern-essentials-792821-unsplash.jpg","https://onixdatacentres.com/modern-essentials-792821-unsplash-jpg/","","","modern-essentials-792821-unsplash.jpg","pending"
"535","modern-essentials-1064966-unsplash.jpg","2021/10/modern-essentials-1064966-unsplash.jpg","https://onixdatacentres.com/modern-essentials-1064966-unsplash-jpg/","","","modern-essentials-1064966-unsplash.jpg","pending"
"651","austin-johnson-275715-unsplash.jpg","2021/10/austin-johnson-275715-unsplash.jpg","https://onixdatacentres.com/austin-johnson-275715-unsplash-jpg/","","","austin-johnson-275715-unsplash.jpg","pending"
"652","zz-teammember.jpg","2021/10/zz-teammember.jpg","https://onixdatacentres.com/zz-teammember-jpg/","","","zz-teammember.jpg","pending"
"653","placeholder.png","2021/10/placeholder.png","https://onixdatacentres.com/placeholder-png/","","","placeholder.png","pending"
"654","zz-teammember2.jpg","2021/10/zz-teammember2.jpg","https://onixdatacentres.com/zz-teammember2-jpg/","","","zz-teammember2.jpg","pending"
"655","zz-teammember-1.jpg","2021/10/zz-teammember-1.jpg","https://onixdatacentres.com/zz-teammember-jpg-2/","","","zz-teammember.jpg","pending"
"656","zz-teammember4.jpg","2021/10/zz-teammember4.jpg","https://onixdatacentres.com/zz-teammember4-jpg/","","","zz-teammember4.jpg","pending"
"657","zz-teammember2-1.jpg","2021/10/zz-teammember2-1.jpg","https://onixdatacentres.com/zz-teammember2-jpg-2/","","","zz-teammember2.jpg","pending"
"658","zz-teammember3.jpg","2021/10/zz-teammember3.jpg","https://onixdatacentres.com/zz-teammember3-jpg/","","","zz-teammember3.jpg","pending"
"659","zz-teammember4-1.jpg","2021/10/zz-teammember4-1.jpg","https://onixdatacentres.com/zz-teammember4-jpg-2/","","","zz-teammember4.jpg","pending"
"660","zz-teammember3-1.jpg","2021/10/zz-teammember3-1.jpg","https://onixdatacentres.com/zz-teammember3-jpg-2/","","","zz-teammember3.jpg","pending"
"664","placeholder-1.png","2021/10/placeholder-1.png","https://onixdatacentres.com/placeholder-png-2/","","","placeholder.png","pending"
"665","placeholder-2.png","2021/10/placeholder-2.png","https://onixdatacentres.com/placeholder-png-3/","","","placeholder.png","pending"
"666","placeholder-3.png","2021/10/placeholder-3.png","https://onixdatacentres.com/placeholder-png-4/","","","placeholder.png","pending"
"667","placeholder-4.png","2021/10/placeholder-4.png","https://onixdatacentres.com/placeholder-png-5/","","","placeholder.png","pending"
"671","ellyot-623921-unsplash.jpg","2021/10/ellyot-623921-unsplash.jpg","https://onixdatacentres.com/ellyot-623921-unsplash-jpg/","","","ellyot-623921-unsplash.jpg","pending"
"672","placeholder-1-1.png","2021/10/placeholder-1-1.png","https://onixdatacentres.com/placeholder-1-png/","","","placeholder-1.png","pending"
"673","nasa-63032-unsplash.jpg","2021/10/nasa-63032-unsplash.jpg","https://onixdatacentres.com/nasa-63032-unsplash-jpg/","","","nasa-63032-unsplash.jpg","pending"
"674","ellyot-623926-unsplash.jpg","2021/10/ellyot-623926-unsplash.jpg","https://onixdatacentres.com/ellyot-623926-unsplash-jpg/","","","ellyot-623926-unsplash.jpg","pending"
"678","matheus-ferrero-216385.jpg","2021/10/matheus-ferrero-216385.jpg","https://onixdatacentres.com/matheus-ferrero-216385-jpg/","","","matheus-ferrero-216385.jpg","pending"
"679","giano-currie-268947-unsplash.jpg","2021/10/giano-currie-268947-unsplash.jpg","https://onixdatacentres.com/giano-currie-268947-unsplash-jpg/","","","giano-currie-268947-unsplash.jpg","pending"
"680","fabian-moller-401639-unsplash.jpg","2021/10/fabian-moller-401639-unsplash.jpg","https://onixdatacentres.com/fabian-moller-401639-unsplash-jpg/","","","fabian-moller-401639-unsplash.jpg","pending"
"681","oladimeji-odunsi-367505-unsplash.jpg","2021/10/oladimeji-odunsi-367505-unsplash.jpg","https://onixdatacentres.com/oladimeji-odunsi-367505-unsplash-jpg/","","","oladimeji-odunsi-367505-unsplash.jpg","pending"
"686","pexels-photo-1037915.jpeg","2021/10/pexels-photo-1037915.jpeg","https://onixdatacentres.com/pexels-photo-1037915-jpeg/","","","pexels-photo-1037915.jpeg","pending"
"687","man-crazy-funny-dude-45882.jpeg","2021/10/man-crazy-funny-dude-45882.jpeg","https://onixdatacentres.com/man-crazy-funny-dude-45882-jpeg/","","","man-crazy-funny-dude-45882.jpeg","pending"
"688","kermen-tutkunova-5771762unsplash.jpg","2021/10/kermen-tutkunova-5771762unsplash.jpg","https://onixdatacentres.com/kermen-tutkunova-5771762unsplash-jpg/","","","kermen-tutkunova-5771762unsplash.jpg","pending"
"689","placeholder-5.png","2021/10/placeholder-5.png","https://onixdatacentres.com/placeholder-png-6/","","","placeholder.png","pending"
"690","placeholder-6.png","2021/10/placeholder-6.png","https://onixdatacentres.com/placeholder-png-7/","","","placeholder.png","pending"
"691","placeholder-7.png","2021/10/placeholder-7.png","https://onixdatacentres.com/placeholder-png-8/","","","placeholder.png","pending"
"695","pexels-cristian-jako-4673599.jpg","2021/10/pexels-cristian-jako-4673599.jpg","https://onixdatacentres.com/pexels-cristian-jako-4673599-jpg/","","","pexels-cristian-jako-4673599.jpg","pending"
"696","pumpkin-1838545_1920.jpg","2021/10/pumpkin-1838545_1920.jpg","https://onixdatacentres.com/pumpkin-1838545_1920-jpg/","","","pumpkin-1838545_1920.jpg","pending"
"697","pexels-toni-friedemann-5233511-scaled-1.jpg","2021/10/pexels-toni-friedemann-5233511-scaled-1.jpg","https://onixdatacentres.com/pexels-toni-friedemann-5233511-scaled-1-jpg/","","","pexels-toni-friedemann-5233511-scaled-1.jpg","pending"
"698","pexels-amir-seilsepour-4383577-scaled-1.jpg","2021/10/pexels-amir-seilsepour-4383577-scaled-1.jpg","https://onixdatacentres.com/pexels-amir-seilsepour-4383577-scaled-1-jpg/","","","pexels-amir-seilsepour-4383577-scaled-1.jpg","pending"
"699","dark-17604_1920.jpg","2021/10/dark-17604_1920.jpg","https://onixdatacentres.com/dark-17604_1920-jpg/","","","dark-17604_1920.jpg","pending"
"799","AIIM.png","2021/11/AIIM.png","https://onixdatacentres.com/aiim-2/","","","AIIM","pending"
"1287","blog-post.png","2019/12/blog-post.png","https://onixdatacentres.com/blog-post/","","","blog-post","pending"
"1302","blog1.jpg","2019/11/blog1.jpg","https://onixdatacentres.com/2020/11/21/why-africa-corporations-should-host-their-data-in-carrier-neutral-data-centres-not-in-house/blog1/","","","blog1","pending"
"3382","connect-unconnected.jpg","2020/12/connect-unconnected.jpg","https://onixdatacentres.com/2020/12/21/connecting-the-unconnected-in-africa/connect-unconnected/","","","connect unconnected","pending"
"3384","broadband-blog.jpg","2020/12/broadband-blog.jpg","https://onixdatacentres.com/2020/12/21/broadband-the-most-effective-catalyst-for-development-in-emerging-markets/broadband-blog/","","","broadband blog","pending"
"3386","carrier-neutral.jpg","2020/12/carrier-neutral.jpg","https://onixdatacentres.com/2020/12/21/why-carrier-neutral-colocation-data-centres-will-predominate-in-africa/carrier-neutral/","","","carrier neutral","pending"
"3388","government-blog.jpg","2020/12/government-blog.jpg","https://onixdatacentres.com/2020/12/21/how-governments-can-help-grow-the-digital-economy-in-africa/government-blog/","","","government blog","pending"
"3389","challenges.jpg","2020/12/challenges.jpg","https://onixdatacentres.com/2020/12/21/challenges-in-data-centre-deployment-in-africa/challenges/","","","challenges","pending"
"3391","why-african.jpg","2020/11/why-african.jpg","https://onixdatacentres.com/2020/11/21/why-africa-corporations-should-host-their-data-in-carrier-neutral-data-centres-not-in-house/why-african/","","","why african","pending"
"3422","govt.jpg","2020/12/govt.jpg","https://onixdatacentres.com/2020/12/21/how-governments-can-help-grow-the-digital-economy-in-africa/govt/","","","govt","pending"
"3500","sun-africa-hand-telephone-mobile-phone-phone-ghana-samsung-mobile_t20_kLAw1K.jpg","2021/01/sun-africa-hand-telephone-mobile-phone-phone-ghana-samsung-mobile_t20_kLAw1K.jpg","https://onixdatacentres.com/2021/01/22/africa-drivers-of-growth-2021/sun-africa-hand-telephone-mobile-phone-phone-ghana-samsung-mobile_t20_klaw1k/","","","sun-africa-hand-telephone-mobile-phone-phone-ghana-samsung-mobile_t20_kLAw1K","pending"
"3632","rural-scene-fruit-africa-kenya-farmer-market-bright-and-colorful-vendors-selling_t20_e968xm.jpg","2021/01/rural-scene-fruit-africa-kenya-farmer-market-bright-and-colorful-vendors-selling_t20_e968xm.jpg","https://onixdatacentres.com/2021/01/22/africa-drivers-of-growth-2021/rural-scene-fruit-africa-kenya-farmer-market-bright-and-colorful-vendors-selling_t20_e968xm/","","","rural-scene-fruit-africa-kenya-farmer-market-bright-and-colorful-vendors-selling_t20_e968xm","pending"
"3880","Logo-Revert-5-01-1.png","2021/03/Logo-Revert-5-01-1.png","https://onixdatacentres.com/2021/03/04/african-infrastructure-investment-managers-acquires-majority-stake-in-ghana-based-data-centre-2/logo-revert-5-01-1/","","","onix logo new","pending"
"3884","unnamed.png","2021/03/unnamed.png","https://onixdatacentres.com/2021/03/04/african-infrastructure-investment-managers-acquires-majority-stake-in-ghana-based-data-centre-2/unnamed/","","","AIIM New Logo","pending"
"3885","unnamed-1.png","2021/03/unnamed-1.png","https://onixdatacentres.com/2021/03/04/african-infrastructure-investment-managers-acquires-majority-stake-in-ghana-based-data-centre-2/unnamed-2/","","","unnamed","pending"
"3976","Africa-Data-image-1.jpg","2021/04/Africa-Data-image-1.jpg","https://onixdatacentres.com/2021/04/06/why-african-data-centres-need-to-use-renewable-energy/africa-data-image-1/","","","Africa Data image (1)","pending"
"4012","unnamed-1.jpeg","2021/06/unnamed-1.jpeg","https://onixdatacentres.com/unnamed-1-2/","","","unnamed (1)","pending"
"4013","unnamed-2.jpeg","2021/06/unnamed-2.jpeg","https://onixdatacentres.com/unnamed-2-2/","","","unnamed (2)","pending"
"4024","Screenshot-2021-09-21-at-22.10.35.png","2021/09/Screenshot-2021-09-21-at-22.10.35.png","https://onixdatacentres.com/2021/09/21/onix-dc-accra-the-only-climate-friendly-data-centre-in-west-africa/screenshot-2021-09-21-at-22-10-35/","","","ONIX On-Site Dedicated Solar Farm","pending"
"4030","pexels-red-zeppelin-4148472-scaled-1.jpg","2021/09/pexels-red-zeppelin-4148472-scaled-1.jpg","https://onixdatacentres.com/2021/09/21/onix-dc-accra-the-only-climate-friendly-data-centre-in-west-africa/pexels-red-zeppelin-4148472/","","","pexels-red-zeppelin-4148472","pending"
"4154","Screenshot-2021-11-15-at-13.55.02.png","2021/11/Screenshot-2021-11-15-at-13.55.02.png","https://onixdatacentres.com/screenshot-2021-11-15-at-13-55-02/","","","Screenshot 2021-11-15 at 13.55.02","pending"
"4155","Screenshot-2021-11-15-at-13.55.36.png","2021/11/Screenshot-2021-11-15-at-13.55.36.png","https://onixdatacentres.com/screenshot-2021-11-15-at-13-55-36/","","","Screenshot 2021-11-15 at 13.55.36","pending"
"4156","Screenshot-2021-11-15-at-13.56.00.png","2021/11/Screenshot-2021-11-15-at-13.56.00.png","https://onixdatacentres.com/screenshot-2021-11-15-at-13-56-00/","","","Screenshot 2021-11-15 at 13.56.00","pending"
"4217","IMG_9501-scaled.jpg","2021/12/IMG_9501-scaled.jpg","https://onixdatacentres.com/img_9501/","","","IMG_9501","pending"
"4223","IMG_9718-scaled.jpg","2021/12/IMG_9718-scaled.jpg","https://onixdatacentres.com/img_9718/","","","IMG_9718","pending"
"4225","IMG_9482-scaled.jpg","2021/12/IMG_9482-scaled.jpg","https://onixdatacentres.com/img_9482/","","","IMG_9482","pending"
"4229","IMG_9754-scaled.jpg","2021/12/IMG_9754-scaled.jpg","https://onixdatacentres.com/img_9754/","","","IMG_9754","pending"
"4230","IMG_9788-scaled.jpg","2021/12/IMG_9788-scaled.jpg","https://onixdatacentres.com/img_9788/","","","IMG_9788","pending"
"4231","IMG_9501-1-scaled.jpg","2021/12/IMG_9501-1-scaled.jpg","https://onixdatacentres.com/img_9501-2/","","","IMG_9501","pending"
"4233","IMG_9660-scaled.jpg","2021/12/IMG_9660-scaled.jpg","https://onixdatacentres.com/img_9660/","","","IMG_9660","pending"
"4244","pexels-christina-morillo-1181354-scaled.jpg","2021/12/pexels-christina-morillo-1181354-scaled.jpg","https://onixdatacentres.com/pexels-christina-morillo-1181354/","","","pexels-christina-morillo-1181354","pending"
"4392","CKR-Logo-CMYK-clr-Christopher-Hayes.png","2022/05/CKR-Logo-CMYK-clr-Christopher-Hayes.png","https://onixdatacentres.com/partners/ckr-logo-cmyk-clr-christopher-hayes/","","","CKR-Logo-CMYK-clr-Christopher-Hayes","pending"
"4393","AIIM-1.png","2022/05/AIIM-1.png","https://onixdatacentres.com/partners/aiim-1/","","","AIIM (1)","pending"
"4406","aim_new.jpg","2022/05/aim_new.jpg","https://onixdatacentres.com/partners/aim_new/","","","aim_new","pending"
"4407","ckr-new.jpg","2022/05/ckr-new.jpg","https://onixdatacentres.com/partners/ckr-new/","","","ckr new","pending"
"4446","onix-dc-solar.jpg","2022/10/onix-dc-solar.jpg","https://onixdatacentres.com/onix-dc-solar/","","Onix Data Centre and solar farm","Onix Data Centre and solar farm","pending"
"4462","IMG_9806.jpg","2022/10/IMG_9806.jpg","https://onixdatacentres.com/img_9806/","","","IMG_9806","pending"
"4468","Onix-security.png","2022/10/Onix-security.png","https://onixdatacentres.com/onix-security/","","","Onix security","pending"
"4473","Onix-new-logo.png","2022/11/Onix-new-logo.png","https://onixdatacentres.com/onix-new-logo/","","","Onix new logo","pending"
"4481","Privacy-Policy.zip","2022/11/Privacy-Policy.zip","https://onixdatacentres.com/privacy-policy/","","","Privacy Policy","pending"
"4488","Onix_white_logo.png","2022/11/Onix_white_logo.png","https://onixdatacentres.com/onix_white_logo/","","","Onix_white_logo","pending"
"4498","africom.jpeg","2022/11/africom.jpeg","https://onixdatacentres.com/africom/","","","africom","pending"
"4499","liquid-onix.jpeg","2022/11/liquid-onix.jpeg","https://onixdatacentres.com/liquid-onix/","","","liquid-onix","pending"
"4500","onix-africa-tech.jpeg","2022/11/onix-africa-tech.jpeg","https://onixdatacentres.com/onix-africa-tech/","","","onix africa tech","pending"
"4501","Onix-Team-at-Africa-Tech-Festival.jpeg","2022/11/Onix-Team-at-Africa-Tech-Festival.jpeg","https://onixdatacentres.com/onix-team-at-africa-tech-festival/","","","Onix Team at Africa Tech Festival","pending"
"4522","Onix-Team-on-Banner.jpeg","2022/11/Onix-Team-on-Banner.jpeg","https://onixdatacentres.com/onix-team-on-banner/","","","Onix Team on Banner","pending"
"4539","cropped-Onix-new-logo.png","2022/11/cropped-Onix-new-logo.png","https://onixdatacentres.com/cropped-onix-new-logo-png/","","","cropped-Onix-new-logo.png","pending"
"4549","onix-iso-certification-image-e1671529932223.jpeg","2022/12/onix-iso-certification-image-e1671529932223.jpeg","https://onixdatacentres.com/2022/12/20/onix-data-centre-accra-achieves-iso-27001-and-iso-9001-certification/onix-iso-certification-image/","","","onix iso certification image","pending"
"4553","Image_Placeholder_Hero.jpeg","2022/12/Image_Placeholder_Hero.jpeg","https://onixdatacentres.com/image_placeholder_hero-jpeg/","","","Image_Placeholder_Hero.jpeg","pending"
"4554","Image_Placeholder-about.jpeg","2022/12/Image_Placeholder-about.jpeg","https://onixdatacentres.com/image_placeholder-about-jpeg/","","","Image_Placeholder-about.jpeg","pending"
"4555","Image-Testemonials.jpeg","2022/12/Image-Testemonials.jpeg","https://onixdatacentres.com/image-testemonials-jpeg/","","","Image-Testemonials.jpeg","pending"
"4660","pexels-christina-morillo-1181354-scaled.jpg","2022/12/pexels-christina-morillo-1181354-scaled.jpg","https://onixdatacentres.com/o-home/pexels-christina-morillo-1181354-2/","","","pexels-christina-morillo-1181354","pending"
"4664","pexels-brett-sayles-4508751-scaled.jpg","2022/12/pexels-brett-sayles-4508751-scaled.jpg","https://onixdatacentres.com/o-home/pexels-brett-sayles-4508751/","","","pexels-brett-sayles-4508751","pending"
"4670","Woman-using-laptop-at-the-data-center.png","2022/12/Woman-using-laptop-at-the-data-center.png","https://onixdatacentres.com/o-home/woman-using-laptop-at-the-data-center/","","","Woman using laptop at the data center","pending"
"4671","Woman-at-a-data-center-scaled.jpg","2022/12/Woman-at-a-data-center-scaled.jpg","https://onixdatacentres.com/o-home/woman-at-a-data-center/","","","Woman at a data center","pending"
"4679","pexels-brett-sayles-5203849-scaled.jpg","2022/12/pexels-brett-sayles-5203849-scaled.jpg","https://onixdatacentres.com/o-home/pexels-brett-sayles-5203849/","","","pexels-brett-sayles-5203849","pending"
"4681","pexels-rene-asmussen-13821206-scaled.jpg","2022/12/pexels-rene-asmussen-13821206-scaled.jpg","https://onixdatacentres.com/o-home/pexels-rene-asmussen-13821206/","","","pexels-rene-asmussen-13821206","pending"
"4692","ONIX-logo-png.png","2022/12/ONIX-logo-png.png","https://onixdatacentres.com/o-home/onix-logo-png/","","","ONIX logo png","pending"
"4705","rawpixel-558597-unsplash.jpg","2022/12/rawpixel-558597-unsplash.jpg","https://onixdatacentres.com/rawpixel-558597-unsplash-jpg/","","","rawpixel-558597-unsplash.jpg","pending"
"4706","rawpixel-799380-unsplash.jpg","2022/12/rawpixel-799380-unsplash.jpg","https://onixdatacentres.com/rawpixel-799380-unsplash-jpg/","","","rawpixel-799380-unsplash.jpg","pending"
"4715","rawpixel-653764-unsplash.jpg","2022/12/rawpixel-653764-unsplash.jpg","https://onixdatacentres.com/rawpixel-653764-unsplash-jpg/","","","rawpixel-653764-unsplash.jpg","pending"
"4719","jason-blackeye-262295-unsplash.jpg","2022/12/jason-blackeye-262295-unsplash.jpg","https://onixdatacentres.com/jason-blackeye-262295-unsplash-jpg/","","","jason-blackeye-262295-unsplash.jpg","pending"
"4720","rawpixel-557123-unsplash.jpg","2022/12/rawpixel-557123-unsplash.jpg","https://onixdatacentres.com/rawpixel-557123-unsplash-jpg/","","","rawpixel-557123-unsplash.jpg","pending"
"4726","ava1.png","2022/12/ava1.png","https://onixdatacentres.com/ava1-png/","","","ava1.png","pending"
"4727","y11.png","2022/12/y11.png","https://onixdatacentres.com/y11-png/","","","y11.png","pending"
"4780","rawpixel-752537-unsplash-1.jpg","2022/12/rawpixel-752537-unsplash-1.jpg","https://onixdatacentres.com/rawpixel-752537-unsplash-1-jpg/","","","rawpixel-752537-unsplash-1.jpg","pending"
"4791","torres-del-paine-mountains-granite-granite-rock-57456.jpeg","2022/12/torres-del-paine-mountains-granite-granite-rock-57456.jpeg","https://onixdatacentres.com/torres-del-paine-mountains-granite-granite-rock-57456-jpeg/","","","torres-del-paine-mountains-granite-granite-rock-57456.jpeg","pending"
"4792","pexels-photo-1103970.jpeg","2022/12/pexels-photo-1103970.jpeg","https://onixdatacentres.com/pexels-photo-1103970-jpeg/","","","pexels-photo-1103970.jpeg","pending"
"4795","linebgoverlay.png","2022/12/linebgoverlay.png","https://onixdatacentres.com/linebgoverlay-png/","","","linebgoverlay.png","pending"
"4796","sharon-mccutcheon-571408-unsplash.jpg","2022/12/sharon-mccutcheon-571408-unsplash.jpg","https://onixdatacentres.com/sharon-mccutcheon-571408-unsplash-jpg/","","","sharon-mccutcheon-571408-unsplash.jpg","pending"
"4797","halanna-halila-557324-unsplash.jpg","2022/12/halanna-halila-557324-unsplash.jpg","https://onixdatacentres.com/halanna-halila-557324-unsplash-jpg/","","","halanna-halila-557324-unsplash.jpg","pending"
"4798","rawpixel-604751-unsplash.jpg","2022/12/rawpixel-604751-unsplash.jpg","https://onixdatacentres.com/rawpixel-604751-unsplash-jpg/","","","rawpixel-604751-unsplash.jpg","pending"
"4802","pexels-photo-667205.jpeg","2022/12/pexels-photo-667205.jpeg","https://onixdatacentres.com/pexels-photo-667205-jpeg/","","","pexels-photo-667205.jpeg","pending"
"4803","kane-reinholdtsen-188778-unsplash.jpg","2022/12/kane-reinholdtsen-188778-unsplash.jpg","https://onixdatacentres.com/kane-reinholdtsen-188778-unsplash-jpg/","","","kane-reinholdtsen-188778-unsplash.jpg","pending"
"4804","aaron-burden-25846-unsplash.jpg","2022/12/aaron-burden-25846-unsplash.jpg","https://onixdatacentres.com/aaron-burden-25846-unsplash-jpg/","","","aaron-burden-25846-unsplash.jpg","pending"
"4848","rawpixel-693037-unsplash.jpg","2022/12/rawpixel-693037-unsplash.jpg","https://onixdatacentres.com/rawpixel-693037-unsplash-jpg/","","","rawpixel-693037-unsplash.jpg","pending"
"4859","hector-martinez-110928-unsplash.jpg","2022/12/hector-martinez-110928-unsplash.jpg","https://onixdatacentres.com/hector-martinez-110928-unsplash-jpg/","","","hector-martinez-110928-unsplash.jpg","pending"
"4875","business-partners-shaking-hands-agreement-scaled.jpg","2022/12/business-partners-shaking-hands-agreement-scaled.jpg","https://onixdatacentres.com/contact-us/business-partners-shaking-hands-in-agreement/","","","Business partners shaking hands in agreement","pending"
"4894","ONIX-logo-white.png","2022/12/ONIX-logo-white.png","https://onixdatacentres.com/onix-logo-white/","","","ONIX logo white","pending"
"4896","ONIX-logo-red.png","2022/12/ONIX-logo-red.png","https://onixdatacentres.com/o-home/onix-logo-red/","","","ONIX logo red","pending"
"4900","ONIX-icon.png","2022/12/ONIX-icon.png","https://onixdatacentres.com/onix-icon/","","","ONIX icon","pending"
"4901","cropped-ONIX-icon.png","2022/12/cropped-ONIX-icon.png","https://onixdatacentres.com/cropped-onix-icon-png/","","","cropped-ONIX-icon.png","pending"
"4903","ONIX-icon-red.png","2022/12/ONIX-icon-red.png","https://onixdatacentres.com/onix-icon-red/","","","ONIX icon red","pending"
"4904","cropped-ONIX-icon-red.png","2022/12/cropped-ONIX-icon-red.png","https://onixdatacentres.com/cropped-onix-icon-red-png/","","","cropped-ONIX-icon-red.png","pending"
"4905","cropped-ONIX-logo-red.png","2022/12/cropped-ONIX-logo-red.png","https://onixdatacentres.com/cropped-onix-logo-red-png/","","","cropped-ONIX-logo-red.png","pending"
"4911","Ghana-flag.png","2022/12/Ghana-flag.png","https://onixdatacentres.com/o-home/ghana-flag/","","","Ghana flag","pending"
"4912","Senegal-flag.png","2022/12/Senegal-flag.png","https://onixdatacentres.com/o-home/senegal-flag/","","","Senegal flag","pending"
"5003","ava2.png","2023/01/ava2.png","https://onixdatacentres.com/ava2-png/","","","ava2.png","pending"
"5005","ava4.png","2023/01/ava4.png","https://onixdatacentres.com/ava4-png/","","","ava4.png","pending"
"5155","lee-miller-47629-unsplash.jpg","2023/01/lee-miller-47629-unsplash.jpg","https://onixdatacentres.com/lee-miller-47629-unsplash-jpg/","","","lee-miller-47629-unsplash.jpg","pending"
"5156","dot.png","2023/01/dot.png","https://onixdatacentres.com/dot-png/","","","dot.png","pending"
"5157","lion-animal-nature-predator-40835.jpeg","2023/01/lion-animal-nature-predator-40835.jpeg","https://onixdatacentres.com/lion-animal-nature-predator-40835-jpeg/","","","lion-animal-nature-predator-40835.jpeg","pending"
"5230","ONIX-DATA-CENTER-KEELSON-STUDIOS-5-scaled.jpg","2023/01/ONIX-DATA-CENTER-KEELSON-STUDIOS-5-scaled.jpg","https://onixdatacentres.com/home/onix-data-center-keelson-studios-5/","","","ONIX DATA CENTER- KEELSON STUDIOS-5","pending"
"5233","ONIX-DATA-CENTER-KEELSON-STUDIOS-2.png","2023/01/ONIX-DATA-CENTER-KEELSON-STUDIOS-2.png","https://onixdatacentres.com/home/onix-data-center-keelson-studios-2/","","","ONIX DATA CENTER- KEELSON STUDIOS-2","pending"
"5237","ONIX-DATA-CENTER-KEELSON-STUDIOS-40-scaled.jpg","2023/01/ONIX-DATA-CENTER-KEELSON-STUDIOS-40-scaled.jpg","https://onixdatacentres.com/home/onix-data-center-keelson-studios-40/","","","ONIX DATA CENTER- KEELSON STUDIOS-40","pending"
"5239","ONIX-DATA-CENTER-KEELSON-STUDIOS-62-scaled.jpg","2023/01/ONIX-DATA-CENTER-KEELSON-STUDIOS-62-scaled.jpg","https://onixdatacentres.com/home/onix-data-center-keelson-studios-62/","","Server racks inside a modern Onix data centre, showing secure infrastructure, organised cabling and a controlled technical environment.","Inside the Onix Data Centre","pending"
"5240","ONIX-DATA-CENTER-KEELSON-STUDIOS-2-scaled.jpg","2023/01/ONIX-DATA-CENTER-KEELSON-STUDIOS-2-scaled.jpg","https://onixdatacentres.com/home/onix-data-center-keelson-studios-2-2/","","Building of Onix Data Centres Accra","Onix Data Centre, Accra","pending"
"5241","ONIX-DATA-CENTER-KEELSON-STUDIOS-42-scaled.jpg","2023/01/ONIX-DATA-CENTER-KEELSON-STUDIOS-42-scaled.jpg","https://onixdatacentres.com/home/onix-data-center-keelson-studios-42/","","","ONIX DATA CENTER- KEELSON STUDIOS-42","pending"
"5242","ONIX-DATA-CENTER-KEELSON-STUDIOS-43-scaled.jpg","2023/01/ONIX-DATA-CENTER-KEELSON-STUDIOS-43-scaled.jpg","https://onixdatacentres.com/home/onix-data-center-keelson-studios-43/","","","ONIX DATA CENTER- KEELSON STUDIOS-43","pending"
"5243","ONIX-DATA-CENTER-KEELSON-STUDIOS-83-scaled.jpg","2023/01/ONIX-DATA-CENTER-KEELSON-STUDIOS-83-scaled.jpg","https://onixdatacentres.com/home/onix-data-center-keelson-studios-83/","","","ONIX DATA CENTER- KEELSON STUDIOS-83","pending"
"5250","ONIX-DATA-CENTER-KEELSON-STUDIOS-51-scaled.jpg","2023/01/ONIX-DATA-CENTER-KEELSON-STUDIOS-51-scaled.jpg","https://onixdatacentres.com/home/onix-data-center-keelson-studios-51/","","","ONIX DATA CENTER- KEELSON STUDIOS-51","pending"
"5265","ONIX-DATA-CENTER-KEELSON-STUDIOS-17-scaled.jpg","2023/01/ONIX-DATA-CENTER-KEELSON-STUDIOS-17-scaled.jpg","https://onixdatacentres.com/home/infrastructure/onix-data-center-keelson-studios-17/","","","ONIX DATA CENTER- KEELSON STUDIOS-17","pending"
"5278","ONIX-DATA-CENTER-KEELSON-STUDIOS-75-scaled.jpg","2023/01/ONIX-DATA-CENTER-KEELSON-STUDIOS-75-scaled.jpg","https://onixdatacentres.com/home/onix-data-center-keelson-studios-75/","","","ONIX DATA CENTER- KEELSON STUDIOS-75","pending"
"5289","ONIX-DATA-CENTER-KEELSON-STUDIOS-3-scaled.jpg","2023/01/ONIX-DATA-CENTER-KEELSON-STUDIOS-3-scaled.jpg","https://onixdatacentres.com/home/infrastructure/onix-data-center-keelson-studios-3/","","","ONIX DATA CENTER- KEELSON STUDIOS-3","pending"
"5290","ONIX-DATA-CENTER-KEELSON-STUDIOS-9-scaled.jpg","2023/01/ONIX-DATA-CENTER-KEELSON-STUDIOS-9-scaled.jpg","https://onixdatacentres.com/home/infrastructure/onix-data-center-keelson-studios-9/","","","ONIX DATA CENTER- KEELSON STUDIOS-9","pending"
"5384","team-1.jpg","2023/02/team-1.jpg","https://onixdatacentres.com/team-1-jpg/","","","team-1.jpg","pending"
"5385","team-4.jpg","2023/02/team-4.jpg","https://onixdatacentres.com/team-4-jpg/","","","team-4.jpg","pending"
"5386","team-3.jpg","2023/02/team-3.jpg","https://onixdatacentres.com/team-3-jpg/","","","team-3.jpg","pending"
"5387","team-5.jpg","2023/02/team-5.jpg","https://onixdatacentres.com/team-5-jpg/","","","team-5.jpg","pending"
"5388","team-2.jpg","2023/02/team-2.jpg","https://onixdatacentres.com/team-2-jpg/","","","team-2.jpg","pending"
"5425","ONIX-DATA-CENTER-KEELSON-STUDIOS-68-scaled.jpg","2023/02/ONIX-DATA-CENTER-KEELSON-STUDIOS-68-scaled.jpg","https://onixdatacentres.com/home/infrastructure/onix-data-center-keelson-studios-68/","","","ONIX DATA CENTER- KEELSON STUDIOS-68","pending"
"5625","WhatsApp-Image-2023-02-16-at-23.36.54.jpeg","2023/02/WhatsApp-Image-2023-02-16-at-23.36.54.jpeg","https://onixdatacentres.com/2023/02/17/onix-launch-dakar/whatsapp-image-2023-02-16-at-23-36-54/","","Onix owners and Minister of Technology at launch of Data Centre in Dakar","WhatsApp Image 2023-02-16 at 23.36.54","pending"
"5679","A7R9115-scaled.jpg","2023/02/A7R9115-scaled.jpg","https://onixdatacentres.com/2023/02/24/onix-ceo-mike-nahons-speech-senegal/_a7r9115/","","Michael Nahon data centre launch Dakar","_A7R9115","pending"
"5680","DSC06268-scaled.jpg","2023/02/DSC06268-scaled.jpg","https://onixdatacentres.com/2023/02/24/onix-ceo-mike-nahons-speech-senegal/dsc06268/","","","DSC06268","pending"
"5681","DSC06855-scaled.jpg","2023/02/DSC06855-scaled.jpg","https://onixdatacentres.com/2023/02/24/onix-ceo-mike-nahons-speech-senegal/dsc06855/","","","DSC06855","pending"
"5695","ONIX-DATA-CENTER-KEELSON-STUDIOS-71-scaled.jpg","2023/03/ONIX-DATA-CENTER-KEELSON-STUDIOS-71-scaled.jpg","https://onixdatacentres.com/2023/03/08/colocation-data-centres/onix-data-center-keelson-studios-71/","","Colocation cold containment aisle","ONIX DATA CENTER- KEELSON STUDIOS-71","pending"
"5696","ONIX-DATA-CENTER-KEELSON-STUDIOS-2-scaled.jpg","2023/03/ONIX-DATA-CENTER-KEELSON-STUDIOS-2-scaled.jpg","https://onixdatacentres.com/2023/03/08/colocation-data-centres/onix-data-center-keelson-studios-2-3/","","Onix colocation Data Centre in Accra, Ghana","ONIX DATA CENTER","pending"
"5697","ONIX-DATA-CENTER-KEELSON-STUDIOS-59-scaled.jpg","2023/03/ONIX-DATA-CENTER-KEELSON-STUDIOS-59-scaled.jpg","https://onixdatacentres.com/2023/03/08/colocation-data-centres/onix-data-center-keelson-studios-59/","","Onix data centre Ghana solar farm","Onix data centre Ghana solar farm","pending"
"5698","ONIX-DATA-CENTER-KEELSON-STUDIOS-62-scaled.jpg","2023/03/ONIX-DATA-CENTER-KEELSON-STUDIOS-62-scaled.jpg","https://onixdatacentres.com/2023/03/08/colocation-data-centres/onix-data-center-keelson-studios-62-2/","","Colocation Racks cold aisle","Onix colocation racks","pending"
"5766","ISO-9001.png","2023/03/ISO-9001.png","https://onixdatacentres.com/iso-9001/","","","ISO 9001","pending"
"5767","ISO-IEC-27001.png","2023/03/ISO-IEC-27001.png","https://onixdatacentres.com/iso-iec-27001/","","","ISO-IEC 27001","pending"
"5768","PCI-DSS.png","2023/03/PCI-DSS.png","https://onixdatacentres.com/pci-dss/","","","PCI-DSS","pending"
"5769","Tier-IV-facility.png","2023/03/Tier-IV-facility.png","https://onixdatacentres.com/tier-iv-facility/","","","Tier IV facility","pending"
"5774","CCDOC.png","2023/03/CCDOC.png","https://onixdatacentres.com/o-home/ccdoc/","","","CCDOC","pending"
"5775","Diesel-electric.png","2023/03/Diesel-electric.png","https://onixdatacentres.com/o-home/diesel-electric/","","","Diesel electric","pending"
"5776","Infoprive.png","2023/03/Infoprive.png","https://onixdatacentres.com/o-home/infoprive/","","","Infoprive","pending"
"5777","La-Colomb.png","2023/03/La-Colomb.png","https://onixdatacentres.com/o-home/la-colomb/","","","La Colomb","pending"
"5778","LEGRAND.png","2023/03/LEGRAND.png","https://onixdatacentres.com/o-home/legrand/","","","LEGRAND","pending"
"5779","Minkels.png","2023/03/Minkels.png","https://onixdatacentres.com/o-home/minkels/","","","Minkels","pending"
"5793","rawpixel-797131-unsplash.jpg","2023/03/rawpixel-797131-unsplash.jpg","https://onixdatacentres.com/rawpixel-797131-unsplash-jpg/","","","rawpixel-797131-unsplash.jpg","pending"
"5870","ONIX-DATA-CENTER-KEELSON-STUDIOS-61-scaled.jpg","2023/03/ONIX-DATA-CENTER-KEELSON-STUDIOS-61-scaled.jpg","https://onixdatacentres.com/about-us/onix-data-center-keelson-studios-61/","","","ONIX DATA CENTER- KEELSON STUDIOS-61","pending"
"5939","DSC06633-scaled.jpg","2023/03/DSC06633-scaled.jpg","https://onixdatacentres.com/2023/03/23/senegal-the-next-singapore/dsc06633/","","Mamadou Kebe - Onix Managing Director speaking at Onix Data Centre Senegal Launch","Mamadou Kebe - Onix Managing Director speaking at Onix Senegal Launch","pending"
"5940","20230213_183339-scaled.jpg","2023/03/20230213_183339-scaled.jpg","https://onixdatacentres.com/2023/03/23/senegal-the-next-singapore/20230213_183339/","","Africa's most westerly point in Dakar, Senegal","Africa's most westerly point in Dakar, Senegal","pending"
"5954","ONIX-DATA-CENTER-KEELSON-STUDIOS-62-scaled.jpg","2023/04/ONIX-DATA-CENTER-KEELSON-STUDIOS-62-scaled.jpg","https://onixdatacentres.com/2023/04/19/cold-aisle-containment-data-centre-cooling/onix-data-center-keelson-studios-62-3/","","","ONIX-DATA-CENTER-KEELSON-STUDIOS-62","pending"
"5957","WhatsApp-Image-2023-04-18-at-20.22.41.jpeg","2023/04/WhatsApp-Image-2023-04-18-at-20.22.41.jpeg","https://onixdatacentres.com/2023/04/19/cold-aisle-containment-data-centre-cooling/whatsapp-image-2023-04-18-at-20-22-41/","","Onix Data centre Cold Aisle Containment","Onix Data centre Cold Aisle Containment","pending"
"5959","WhatsApp-Image-2023-04-19-at-10.44.41.jpeg","2023/04/WhatsApp-Image-2023-04-19-at-10.44.41.jpeg","https://onixdatacentres.com/2023/04/19/cold-aisle-containment-data-centre-cooling/whatsapp-image-2023-04-19-at-10-44-41/","","","Onix Data centre Cold Aisle Containment","pending"
"5960","ONIX-DATA-3.jpg","2023/04/ONIX-DATA-3.jpg","https://onixdatacentres.com/2023/04/19/cold-aisle-containment-data-centre-cooling/onix-data-3/","","Onix Data centre Cold Aisle Containment","Onix Data centre Cold Aisle Containment","pending"
"5966","ONIX-DATA-CENTER-KEELSON-STUDIOS-77-scaled.jpg","2023/05/ONIX-DATA-CENTER-KEELSON-STUDIOS-77-scaled.jpg","https://onixdatacentres.com/2023/05/24/fire-suppression-data-centres/onix-data-center-keelson-studios-77/","","","ONIX-DATA-CENTER-KEELSON-STUDIOS-77","pending"
"5968","ONIX-DATA-CENTER-KEELSON-STUDIOS-88-scaled.jpg","2023/05/ONIX-DATA-CENTER-KEELSON-STUDIOS-88-scaled.jpg","https://onixdatacentres.com/2023/05/24/fire-suppression-data-centres/onix-data-center-keelson-studios-88/","","","ONIX-DATA-CENTER-KEELSON-STUDIOS-88","pending"
"5971","ONIX-DATA-CENTER-KEELSON-STUDIOS-62-scaled.jpg","2023/05/ONIX-DATA-CENTER-KEELSON-STUDIOS-62-scaled.jpg","https://onixdatacentres.com/2023/05/09/protecting-your-data-the-importance-of-data-security-for-businesses-and-institutions/onix-data-center-keelson-studios-62-4/","","Onix Data Centre rack space","ONIX-DATA-CENTER-KEELSON-STUDIOS-62","pending"
"5972","image0.jpeg","2023/05/image0.jpeg","https://onixdatacentres.com/2023/05/09/protecting-your-data-the-importance-of-data-security-for-businesses-and-institutions/image0/","","Secure Your Data with Onix Data Centre","image0","pending"
"6066","WhatsApp-Image-2023-05-11-at-10.06.02.jpeg","2023/05/WhatsApp-Image-2023-05-11-at-10.06.02.jpeg","https://onixdatacentres.com/2023/05/11/tier-3-facility-in-dakar-2023-completion/whatsapp-image-2023-05-11-at-10-06-02/","","The Onix Senegal team, meeting to discuss data centre design","The Onix Senegal team, meeting to discuss data centre design","pending"
"6073","james-gillespie-714755-unsplash.jpg","2023/05/james-gillespie-714755-unsplash.jpg","https://onixdatacentres.com/james-gillespie-714755-unsplash-jpg/","","","james-gillespie-714755-unsplash.jpg","pending"
"6076","head51.jpg","2023/05/head51.jpg","https://onixdatacentres.com/head51-jpg/","","","head51.jpg","pending"
"6077","ONIX-DATA-CENTER-KEELSON-STUDIOS-36-scaled.jpg","2023/05/ONIX-DATA-CENTER-KEELSON-STUDIOS-36-scaled.jpg","https://onixdatacentres.com/home/sustainability/onix-data-center-keelson-studios-36/","","","ONIX DATA CENTER- KEELSON STUDIOS-36","pending"
"6078","ONIX-DATA-CENTER-KEELSON-STUDIOS-57-scaled.jpg","2023/05/ONIX-DATA-CENTER-KEELSON-STUDIOS-57-scaled.jpg","https://onixdatacentres.com/home/sustainability/onix-data-center-keelson-studios-57/","","","ONIX DATA CENTER- KEELSON STUDIOS-57","pending"
"6079","ONIX-DATA-CENTER-KEELSON-STUDIOS-58-scaled.jpg","2023/05/ONIX-DATA-CENTER-KEELSON-STUDIOS-58-scaled.jpg","https://onixdatacentres.com/home/sustainability/onix-data-center-keelson-studios-58/","","Onix Data centre sustainable solar farm","ONIX DATA CENTER- KEELSON STUDIOS-58","pending"
"6080","ONIX-DATA-CENTER-KEELSON-STUDIOS-59-scaled.jpg","2023/05/ONIX-DATA-CENTER-KEELSON-STUDIOS-59-scaled.jpg","https://onixdatacentres.com/home/sustainability/onix-data-center-keelson-studios-59-2/","","Onix Data Centre's Cutting-Edge Solar Farm: Pioneering Sustainable and Reliable DC Power Maintenance in Healthcare Colocation Services","Onix Data Centre Solar Farm","pending"
"6124","Edem-Scott.jpg","2023/05/Edem-Scott.jpg","https://onixdatacentres.com/home/edem-scott/","","","Edem Scott","pending"
"6125","Kevin-Opata.jpg","2023/05/Kevin-Opata.jpg","https://onixdatacentres.com/home/kevin-opata/","","","Kevin Opata","pending"
"6126","Michael-Thompson.jpg","2023/05/Michael-Thompson.jpg","https://onixdatacentres.com/home/michael-thompson/","","","Michael Thompson","pending"
"6127","Serwaah-Kankam.jpg","2023/05/Serwaah-Kankam.jpg","https://onixdatacentres.com/home/serwaah-kankam/","","","Serwaah Kankam","pending"
"6128","Stephen-Appiah-Fordjou.jpg","2023/05/Stephen-Appiah-Fordjou.jpg","https://onixdatacentres.com/home/stephen-appiah-fordjou/","","","Stephen Appiah Fordjou","pending"
"6168","aaaaa.png","2023/05/aaaaa.png","https://onixdatacentres.com/home/aaaaa/","","","aaaaa","pending"
"6199","ONIX-fire-suppression-system-copy-1.jpg","2023/05/ONIX-fire-suppression-system-copy-1.jpg","https://onixdatacentres.com/2023/05/24/fire-suppression-data-centres/onix-fire-suppression-system-copy-1/","","Data centre fire suppressions","ONIX fire suppression system copy (1)","pending"
"6207","shield.png","2023/05/shield.png","https://onixdatacentres.com/o-home/privacy-policy/shield/","","","shield","pending"
"6215","Cybersecurity-Act-2020-Act-1038.pdf","2023/05/Cybersecurity-Act-2020-Act-1038.pdf","https://onixdatacentres.com/o-home/privacy-policy/cybersecurity-act-2020-act-1038/","","","Cybersecurity-Act-2020-Act-1038","pending"
"6216","data-protection-act-2012-act-843.pdf","2023/05/data-protection-act-2012-act-843.pdf","https://onixdatacentres.com/o-home/privacy-policy/data-protection-act-2012-act-843/","","","data-protection-act-2012-act-843","pending"
"6217","ONIXDC-ISMS-A1801-Legal-Responsibilities-Policy.pdf","2023/05/ONIXDC-ISMS-A1801-Legal-Responsibilities-Policy.pdf","https://onixdatacentres.com/o-home/privacy-policy/onixdc-isms-a1801-legal-responsibilities-policy/","","","ONIXDC-ISMS-A1801 Legal Responsibilities Policy","pending"
"6219","The-Regulation-of-Investigatory-Powers-Act-2000.pdf","2023/05/The-Regulation-of-Investigatory-Powers-Act-2000.pdf","https://onixdatacentres.com/o-home/privacy-policy/the-regulation-of-investigatory-powers-act-2000/","","","The Regulation of Investigatory Powers Act 2000","pending"
"6248","CO2.svg","2023/05/CO2.svg","https://onixdatacentres.com/home/sustainability/co2/","","","CO2","pending"
"6249","Growing-plant.svg","2023/05/Growing-plant.svg","https://onixdatacentres.com/home/sustainability/growing-plant/","","","Growing plant","pending"
"6250","Reverse-osmosis.svg","2023/05/Reverse-osmosis.svg","https://onixdatacentres.com/home/sustainability/reverse-osmosis/","","","Reverse osmosis","pending"
"6390","Onix-Backup-Power-solutions.jpg","2023/06/Onix-Backup-Power-solutions.jpg","https://onixdatacentres.com/2023/06/20/uptime-power-backup-onix-data-centre/onix-backup-power-solutions/","","Onix Data Centre in Accra, Ghana with UPS and Generator back up power","Onix Backup Power solutions","pending"
"6392","ONIX-DATA-CENTER-KEELSON-STUDIOS-6-scaled.jpg","2023/06/ONIX-DATA-CENTER-KEELSON-STUDIOS-6-scaled.jpg","https://onixdatacentres.com/2023/06/20/uptime-power-backup-onix-data-centre/onix-data-center-keelson-studios-6/","","","ONIX-DATA-CENTER-KEELSON-STUDIOS-6","pending"
"6475","CO2-reduction.png","2023/08/CO2-reduction.png","https://onixdatacentres.com/home/sustainability/co2-reduction-2/","","","CO2 reduction","pending"
"6477","ONIX-Cooling-system.png","2023/08/ONIX-Cooling-system.png","https://onixdatacentres.com/home/sustainability/onix-cooling-system/","","","ONIX Cooling system","pending"
"6478","ONIX-sustainability.png","2023/08/ONIX-sustainability.png","https://onixdatacentres.com/home/sustainability/onix-sustainability/","","","ONIX sustainability","pending"
"6479","solar-power.png","2023/08/solar-power.png","https://onixdatacentres.com/home/sustainability/solar-power/","","","solar power","pending"
"6480","Waste-bin-2.png","2023/08/Waste-bin-2.png","https://onixdatacentres.com/home/sustainability/waste-bin-2/","","","Waste bin 2","pending"
"6481","water.png","2023/08/water.png","https://onixdatacentres.com/home/sustainability/water/","","","water","pending"
"6583","LeornardMcKinlay.jpg","2023/08/LeornardMcKinlay.jpg","https://onixdatacentres.com/home/leornardmckinlay/","","","LeornardMcKinlay","pending"
"6730","Samuel-Polley.jpeg","2023/10/Samuel-Polley.jpeg","https://onixdatacentres.com/o-home/samuelpolley/samuel-polley/","","","Samuel Polley","pending"
"6739","Mamadou-KEBE.jpeg","2023/10/Mamadou-KEBE.jpeg","https://onixdatacentres.com/o-home/mamadoukebe/mamadou-kebe/","","","Mamadou KEBE","pending"
"6769","Bara-Awa-Fall.jpeg","2023/10/Bara-Awa-Fall.jpeg","https://onixdatacentres.com/o-home/senegal/baraawafall/bara-awa-fall/","","","Bara Awa Fall","pending"
"6790","IMS-Simplified.pdf","2023/11/IMS-Simplified.pdf","https://onixdatacentres.com/ims-simplified/","","","IMS Simplified","pending"
"6829","Brett-Tucker.jpeg","2023/11/Brett-Tucker.jpeg","https://onixdatacentres.com/o-home/bretttucker/brett-tucker/","","","Brett Tucker","pending"
"6839","1615925299725.jpeg","2023/11/1615925299725.jpeg","https://onixdatacentres.com/o-home/paulrichards/attachment/1615925299725/","","","1615925299725","pending"
"6871","cloud-storage-banner-background-Large.jpeg","2023/11/cloud-storage-banner-background-Large.jpeg","https://onixdatacentres.com/home/finance/nccs-discover-supercomputer-original-from-nasa-digitally-enhan/","","","NCCS Discover Supercomputer. Original from NASA. Digitally enhan","pending"
"6873","Header-background.png","2023/11/Header-background.png","https://onixdatacentres.com/home/finance/header-background/","","","Header background","pending"
"6875","Frame-1.png","2023/11/Frame-1.png","https://onixdatacentres.com/home/finance/frame-1/","","","Frame 1","pending"
"6882","cloud-storage-background-remixed-from-public-domain-by-nasa-Large.jpeg","2023/11/cloud-storage-background-remixed-from-public-domain-by-nasa-Large.jpeg","https://onixdatacentres.com/home/finance/cloud-storage-background-remixed-from-public-domain-by-nasa/","","","Cloud storage background, remixed from public domain by Nasa","pending"
"6886","standard-quality-control-collage-concept-Large.jpeg","2023/11/standard-quality-control-collage-concept-Large.jpeg","https://onixdatacentres.com/home/finance/standard-quality-control-collage-concept-large/","","","standard-quality-control-collage-concept Large","pending"
"7004","Kevin-Opata.jpg","2024/02/Kevin-Opata.jpg","https://onixdatacentres.com/home/kevin-opata-2/","","","Kevin Opata","pending"
"7005","Michael-Offei-Thompson.jpg","2024/02/Michael-Offei-Thompson.jpg","https://onixdatacentres.com/home/michael-offei-thompson/","","","Michael Offei Thompson","pending"
"7007","Stephen-Appiah-Fordjour.jpg","2024/02/Stephen-Appiah-Fordjour.jpg","https://onixdatacentres.com/home/stephen-appiah-fordjour/","","","Stephen Appiah-Fordjour","pending"
"7008","Yen-Choi.jpg","2024/02/Yen-Choi.jpg","https://onixdatacentres.com/home/yen-choi-2/","","","Yen Choi","pending"
"7009","Edem-Scott-image.jpg","2024/02/Edem-Scott-image.jpg","https://onixdatacentres.com/home/edem-scott-image/","","","Edem Scott image","pending"
"7010","Serwaa-Kankam-image.jpg","2024/02/Serwaa-Kankam-image.jpg","https://onixdatacentres.com/home/serwaa-kankam-image/","","","Serwaa Kankam image","pending"
"7068","ONIX-logo-png.png","2021/10/ONIX-logo-png.png","https://onixdatacentres.com/?attachment_id=7068","","","ONIX logo png","pending"
"7095","placeholder.png","2024/03/placeholder.png","https://onixdatacentres.com/placeholder-png-9/","","","placeholder.png","pending"
"7162","imagebox2.jpg","2024/03/imagebox2.jpg","https://onixdatacentres.com/imagebox2-jpg/","","","imagebox2.jpg","pending"
"7166","pattern1.jpg","2024/03/pattern1.jpg","https://onixdatacentres.com/pattern1-jpg/","","","pattern1.jpg","pending"
"7167","franck-v-512278-unsplash.jpg","2024/03/franck-v-512278-unsplash.jpg","https://onixdatacentres.com/franck-v-512278-unsplash-jpg/","","","franck-v-512278-unsplash.jpg","pending"
"7168","hin-bong-yeung-210244-unsplash.jpg","2024/03/hin-bong-yeung-210244-unsplash.jpg","https://onixdatacentres.com/hin-bong-yeung-210244-unsplash-jpg/","","","hin-bong-yeung-210244-unsplash.jpg","pending"
"7169","zhang-kaiyv-411983-unsplash.jpg","2024/03/zhang-kaiyv-411983-unsplash.jpg","https://onixdatacentres.com/zhang-kaiyv-411983-unsplash-jpg/","","","zhang-kaiyv-411983-unsplash.jpg","pending"
"7230","Images-collage-2.png","2024/03/Images-collage-2.png","https://onixdatacentres.com/o-home/home-v2/images-collage-2/","","","Images collage 2","pending"
"7281","Images-collage-3.png","2024/04/Images-collage-3.png","https://onixdatacentres.com/o-home/home-v2/images-collage-3/","","","Images collage 3","pending"
"7716","pexels-luis-gomes-166706-546819.jpg","2024/06/pexels-luis-gomes-166706-546819.jpg","https://onixdatacentres.com/home/virtual-machine/pexels-luis-gomes-166706-546819/","","","pexels-luis-gomes-166706-546819","pending"
"7747","VPN_ILLUSTRATION.png","2024/06/VPN_ILLUSTRATION.png","https://onixdatacentres.com/home/virtual-machine/vpn_illustration/","","","VPN_ILLUSTRATION","pending"
"7755","Server-rack-illustration.png","2024/06/Server-rack-illustration.png","https://onixdatacentres.com/home/virtual-machine/server-rack-illustration/","","","Server rack illustration","pending"
"7757","Cost-illustration.png","2024/06/Cost-illustration.png","https://onixdatacentres.com/home/virtual-machine/cost-illustration/","","","Cost illustration","pending"
"7764","VM-website-header.jpg","2024/06/VM-website-header.jpg","https://onixdatacentres.com/home/virtual-machine/vm-website-header/","","","VM website header","pending"
"7768","pexels-divinetechygirl-1181354-Large.jpeg","2024/06/pexels-divinetechygirl-1181354-Large.jpeg","https://onixdatacentres.com/home/virtual-machine/pexels-divinetechygirl-1181354-large/","","","pexels-divinetechygirl-1181354 Large","pending"
"7826","Razak-Awudulai-image-1.jpg","2024/07/Razak-Awudulai-image-1.jpg","https://onixdatacentres.com/home/razak-awudulai-image-2/","","","Razak Awudulai image","pending"
"7877","Onix-logo-white.png","2024/07/Onix-logo-white.png","https://onixdatacentres.com/home/onix-logo-white-2/","","","Onix logo white","pending"
"8110","Post-4.jpg","2024/11/Post-4.jpg","https://onixdatacentres.com/post-4-jpg/","","","Post-4.jpg","pending"
"8114","modern-data-center-providing-cloud-services-enabling-businesses-access-computing-resources-storage-demand-internet-server-room-infrastructure-3d-render-animation_482257-65963.jpg","2024/11/modern-data-center-providing-cloud-services-enabling-businesses-access-computing-resources-storage-demand-internet-server-room-infrastructure-3d-render-animation_482257-65963.jpg","https://onixdatacentres.com/modern-data-center-providing-cloud-services-enabling-businesses-access-computing-resources-storage-demand-internet-server-room-infrastructure-3d-render-animation_482257-65963/","","","modern-data-center-providing-cloud-services-enabling-businesses-access-computing-resources-storage-demand-internet-server-room-infrastructure-3d-render-animation_482257-65963","pending"
"8118","Onix-blog-background-.jpg","2024/11/Onix-blog-background-.jpg","https://onixdatacentres.com/blog/onix-blog-background/","","","Onix blog background","pending"
"8134","Onix-blog-background-2.jpg","2024/11/Onix-blog-background-2.jpg","https://onixdatacentres.com/blog/onix-blog-background-2/","","","Onix blog background 2","pending"
"8279","placeholder.png","2024/11/placeholder.png","https://onixdatacentres.com/placeholder-png-10/","","","placeholder.png","pending"
"8280","placeholder-1.png","2024/11/placeholder-1.png","https://onixdatacentres.com/placeholder-png-11/","","","placeholder.png","pending"
"8281","placeholder-2.png","2024/11/placeholder-2.png","https://onixdatacentres.com/placeholder-png-12/","","","placeholder.png","pending"
"8282","placeholder-3.png","2024/11/placeholder-3.png","https://onixdatacentres.com/placeholder-png-13/","","","placeholder.png","pending"
"8283","placeholder-4.png","2024/11/placeholder-4.png","https://onixdatacentres.com/placeholder-png-14/","","","placeholder.png","pending"
"8284","placeholder-5.png","2024/11/placeholder-5.png","https://onixdatacentres.com/placeholder-png-15/","","","placeholder.png","pending"
"8345","Feedback-image.jpg","2024/11/Feedback-image.jpg","https://onixdatacentres.com/home/feedback/feedback-image/","","","Feedback image","pending"
"8364","robin-spielmann-591331-unsplash.jpg","2024/11/robin-spielmann-591331-unsplash.jpg","https://onixdatacentres.com/robin-spielmann-591331-unsplash-jpg/","","","robin-spielmann-591331-unsplash.jpg","pending"
"8365","placeholder-6.png","2024/11/placeholder-6.png","https://onixdatacentres.com/placeholder-png-16/","","","placeholder.png","pending"
"8366","placeholder-7.png","2024/11/placeholder-7.png","https://onixdatacentres.com/placeholder-png-17/","","","placeholder.png","pending"
"8367","placeholder-8.png","2024/11/placeholder-8.png","https://onixdatacentres.com/placeholder-png-18/","","","placeholder.png","pending"
"8404","Onix-tiers.png","2024/12/Onix-tiers.png","https://onixdatacentres.com/2024/12/03/advantages-tier-iv-data-centre/onix-tiers/","","","Onix tiers","pending"
"8688","Samuel-Osew.jpeg","2025/03/Samuel-Osew.jpeg","https://onixdatacentres.com/o-home/samuel-osew-kwatia/samuel-osew/","","","Samuel Osew","pending"
"8768","Onix-Data-Centre-Brochure-2025-.pdf","2025/04/Onix-Data-Centre-Brochure-2025-.pdf","https://onixdatacentres.com/onix-data-centre-brochure-2025/","","","Onix Data Centre Brochure 2025 []","pending"
"8830","IMS-SIMPLIFIED-12-May-2025.pdf","2025/05/IMS-SIMPLIFIED-12-May-2025.pdf","https://onixdatacentres.com/ims-simplified-12-may-2025/","","","IMS SIMPLIFIED 12 May, 2025","pending"
"8919","Samuel-Osew-Kwatia.png","2025/06/Samuel-Osew-Kwatia.png","https://onixdatacentres.com/home/samuel-osew-kwatia-2/","","","Samuel Osew-Kwatia","pending"
"8939","Samuel-Polley-image-1.png","2025/06/Samuel-Polley-image-1.png","https://onixdatacentres.com/o-home/samuelpolley/samuel-polley-image-2/","","","Samuel Polley image","pending"
"9076","Data-ico.png","2025/07/Data-ico.png","https://onixdatacentres.com/o-home/privacy-policy/data-ico/","","","Data icon","pending"
"9181","2149370100.jpg","2025/08/2149370100.jpg","https://onixdatacentres.com/home/staging123/attachment/2149370100/","","","2149370100","pending"
"9182","2149370127.jpg","2025/08/2149370127.jpg","https://onixdatacentres.com/home/staging123/attachment/2149370127/","","","2149370127","pending"
"9204","2149601528.jpg","2025/08/2149601528.jpg","https://onixdatacentres.com/home/staging123/attachment/2149601528/","","","2149601528","pending"
"9237","12961.jpg","2025/08/12961.jpg","https://onixdatacentres.com/home/staging123/attachment/12961/","","","12961","pending"
"9271","b1.png","2025/08/b1.png","https://onixdatacentres.com/home/cfo/b1/","","","b1","pending"
"9272","b2.png","2025/08/b2.png","https://onixdatacentres.com/home/cfo/b2/","","","b2","pending"
"9458","Sitting-in-the-office.jpg","2025/08/Sitting-in-the-office.jpg","https://onixdatacentres.com/home/cfo/sitting-in-the-office/","","","Sitting in the office","pending"
"9487","2150167356.jpg","2025/08/2150167356.jpg","https://onixdatacentres.com/?attachment_id=9487","","","2150167356","pending"
"9643","Linx-hero-header-image.png","2021/11/Linx-hero-header-image.png","https://onixdatacentres.com/?attachment_id=9643","","","Linx hero header image","pending"
"9644","LINX_Accra_Logo_Colour_White1.png","2021/11/LINX_Accra_Logo_Colour_White1.png","https://onixdatacentres.com/?attachment_id=9644","","","LINX_Accra_Logo_Colour_White(1)","pending"
"9646","Linx-at-onix.png","2021/11/Linx-at-onix.png","https://onixdatacentres.com/?attachment_id=9646","","","Linx at onix","pending"
"9712","Elementor-post-screenshot_9702_2025-11-09-15-26-18_1500bc24.png","elementor/screenshots/Elementor-post-screenshot_9702_2025-11-09-15-26-18_1500bc24.png","https://onixdatacentres.com/elementor-post-screenshot_9702_2025-11-09-15-26-18_1500bc24-png/","","","Elementor-post-screenshot_9702_2025-11-09-15-26-18_1500bc24.png","pending"
"9724","Onix-network.png","2025/11/Onix-network.png","https://onixdatacentres.com/?attachment_id=9724","","","Onix network","pending"
"9748","Membership.png","2025/11/Membership.png","https://onixdatacentres.com/?attachment_id=9748","","","Membership","pending"
"9762","mouse-pointer-click.svg","2025/11/mouse-pointer-click.svg","https://onixdatacentres.com/linxaccra/mouse-pointer-click/","","","mouse-pointer-click","pending"
"9764","Line.png","2025/11/Line.png","https://onixdatacentres.com/?attachment_id=9764","","","Line","pending"
"9770","Peering-background.png","2025/11/Peering-background.png","https://onixdatacentres.com/?attachment_id=9770","","","Peering background","pending"
"9772","Peering-Siagram-1.png","2025/11/Peering-Siagram-1.png","https://onixdatacentres.com/?attachment_id=9772","","","Peering Diagram","pending"
"6447","ONIX-DATA-CENTER-KEELSON-STUDIOS-36.jpg","2023/08/ONIX-DATA-CENTER-KEELSON-STUDIOS-36.jpg","https://onixdatacentres.com/2023/08/02/solar-data-sustainable-solution/onix-data-center-keelson-studios-36-2/","","","ONIX-DATA-CENTER-KEELSON-STUDIOS-36","pending"
"6450","ONIX-blog-1.jpg","2023/08/ONIX-blog-1.jpg","https://onixdatacentres.com/2023/08/02/solar-data-sustainable-solution/onix-blog-1/","","Harnessing Solar Power: A Sustainable Data Centre Solution at Onix","Harnessing Solar Power: A Sustainable Data Centre Solution at Onix","pending"
"6453","ONIX-blog-v2.jpg","2023/08/ONIX-blog-v2.jpg","https://onixdatacentres.com/2023/08/02/solar-data-sustainable-solution/onix-blog-v2/","","Harnessing Solar Power: A Sustainable Data Centre Solution at Onix","Harnessing Solar Power: A Sustainable Data Centre Solution at Onix","pending"
"9775","Onix-Peering-Image.png","2025/11/Onix-Peering-Image.png","https://onixdatacentres.com/?attachment_id=9775","","","Onix Peering Image","pending"
"9776","Data-iimage.png","2025/11/Data-iimage.png","https://onixdatacentres.com/?attachment_id=9776","","","Data image","pending"
"9777","Onix-data-image.png","2025/11/Onix-data-image.png","https://onixdatacentres.com/?attachment_id=9777","","","Onix data image","pending"
"9869","Linx-Peering.png","2025/11/Linx-Peering.png","https://onixdatacentres.com/?attachment_id=9869","","","Linx Peering","pending"
"9919","Linx-Hero-Image.webp","2025/11/Linx-Hero-Image.webp","https://onixdatacentres.com/linxaccra/linx-hero-image/","","","Linx Hero Image","pending"
"9923","Onix-Peering.webp","2025/11/Onix-Peering.webp","https://onixdatacentres.com/linxaccra/onix-peering/","","","Onix Peering","pending"
"9947","Onix-Brochure-2025K.pdf","2025/12/Onix-Brochure-2025K.pdf","https://onixdatacentres.com/onix-brochure-2025k/","","","Onix Brochure [2025K]","pending"
"9994","Gemini_Generated_Image_5tt2ei5tt2ei5tt2-1-edited.png","2026/02/Gemini_Generated_Image_5tt2ei5tt2ei5tt2-1-edited.png","https://onixdatacentres.com/gemini_generated_image_5tt2ei5tt2ei5tt2/","","","Gemini_Generated_Image_5tt2ei5tt2ei5tt2","pending"
"9997","Gemini_Generated_Image_5tt2ei5tt2ei5tt2-1-edited-1.png","2026/02/Gemini_Generated_Image_5tt2ei5tt2ei5tt2-1-edited-1.png","https://onixdatacentres.com/gemini_generated_image_5tt2ei5tt2ei5tt2-3/","","","Gemini_Generated_Image_5tt2ei5tt2ei5tt2","pending"
"10028","White-grid-background.png","2026/03/White-grid-background.png","https://onixdatacentres.com/home/cfo-roi/white-grid-background/","","","White grid background","pending"
"10038","Badge-2.png","2026/03/Badge-2.png","https://onixdatacentres.com/home/cfo-roi/badge-2/","","","Badge 2","pending"
"10039","Badge-1.png","2026/03/Badge-1.png","https://onixdatacentres.com/home/cfo-roi/badge-1/","","","Badge 1","pending"
"10040","Badge-01.png","2026/03/Badge-01.png","https://onixdatacentres.com/home/cfo-roi/badge-01/","","","Badge 01","pending"
"10042","Backk.png","2026/03/Backk.png","https://onixdatacentres.com/home/cfo-roi/backk/","","","Backk","pending"
"10043","Back-2.png","2026/03/Back-2.png","https://onixdatacentres.com/home/cfo-roi/back-2/","","","Back 2","pending"
"10045","Badge-rows.png","2026/03/Badge-rows.png","https://onixdatacentres.com/home/cfo-roi/badge-rows/","","","Badge rows","pending"
"10047","Back-3.png","2026/03/Back-3.png","https://onixdatacentres.com/home/cfo-roi/back-3/","","","Back 3","pending"
"6518","Africa-smart-city-3.png","2023/08/Africa-smart-city-3.png","https://onixdatacentres.com/2023/08/16/the-role-of-data-centres-in-smart-cities-the-future-of-urban-living-in-africa/africa-smart-city-3/","","An artistic representation of a futuristic smart city skyline in Africa, with interconnected digital elements symbolising the role of data centres","""The Future of Smart Cities in Africa: Envisioning Interconnected Urban Landscapes""","pending"
"6594","ONIX-blog-image-sept12.png","2023/09/ONIX-blog-image-sept12.png","https://onixdatacentres.com/2023/09/12/strategic-network-peering-a-beginners-guide/onix-blog-image-sept12/","","Two hands passing digital data between them, symbolising network peering","ONIX blog image [sept12]","pending"
"6596","20230822_103752.jpg","2023/09/20230822_103752.jpg","https://onixdatacentres.com/2023/09/12/strategic-network-peering-a-beginners-guide/20230822_103752/","","","20230822_103752","pending"
"6597","image.jpeg","2023/09/image.jpeg","https://onixdatacentres.com/2023/09/12/strategic-network-peering-a-beginners-guide/undefined/","","This image has an empty alt attribute; its file name is 20230822_103752-1024x461.jpg","undefined","pending"
"6604","ONIX-DATA-CENTER-KEELSON-STUDIOS-65.jpg","2023/09/ONIX-DATA-CENTER-KEELSON-STUDIOS-65.jpg","https://onixdatacentres.com/2023/09/26/resilience-data-centres-natural-disasters/onix-data-center-keelson-studios-65/","","","ONIX-DATA-CENTER-KEELSON-STUDIOS-65","pending"
"6605","Onix-blog-image-26-09.png","2023/09/Onix-blog-image-26-09.png","https://onixdatacentres.com/2023/09/26/resilience-data-centres-natural-disasters/onix-blog-image-26-09/","","A fortified Onix Data Centre facility standing resilient in a disaster-stricken area, showcasing the importance of data centre resilience in Accra","Data Centre resilience in an earthquake","pending"
"6617","healthcare-onix-2.png","2023/10/healthcare-onix-2.png","https://onixdatacentres.com/2023/10/03/healthcare-colocation-data-centre/healthcare-onix-2/","","Heart_in_Server_Rack_Onix_Data_Centre_Healthcare_Colocation","healthcare onix 2","pending"
"6620","ONIX-blog-image-03-10-a.jpg","2023/10/ONIX-blog-image-03-10-a.jpg","https://onixdatacentres.com/2023/10/03/healthcare-colocation-data-centre/onix-blog-image-03-10-a/","","Heart_in_Server_Rack_Onix_Data_Centre_Healthcare_Colocation","Onix health care colocation","pending"
"6781","ONIX-blog-image-oct-2.jpg","2023/10/ONIX-blog-image-oct-2.jpg","https://onixdatacentres.com/2023/10/31/elevating-government-data-management-colocation-services/onix-blog-image-oct-2/","","Government data storage","Government data storage","pending"
"6808","DSC_1084.jpg","2023/11/DSC_1084.jpg","https://onixdatacentres.com/2023/11/09/support-for-south-tongu-flood-relief/dsc_1084/","","","DSC_1084","pending"
"6810","20231107_150219.jpg","2023/11/20231107_150219.jpg","https://onixdatacentres.com/2023/11/09/support-for-south-tongu-flood-relief/20231107_150219/","","Home in South Tongu, Ghana, destroyed by the flooding","Destroyed home","pending"
"6814","DSC_1027.jpg","2023/11/DSC_1027.jpg","https://onixdatacentres.com/2023/11/09/support-for-south-tongu-flood-relief/dsc_1027/","","","DSC_1027","pending"
"6815","DSC_1038.jpg","2023/11/DSC_1038.jpg","https://onixdatacentres.com/2023/11/09/support-for-south-tongu-flood-relief/dsc_1038/","","","DSC_1038","pending"
"6817","DSC_1068.jpg","2023/11/DSC_1068.jpg","https://onixdatacentres.com/2023/11/09/support-for-south-tongu-flood-relief/dsc_1068/","","","DSC_1068","pending"
"6818","DSC_1071.jpg","2023/11/DSC_1071.jpg","https://onixdatacentres.com/2023/11/09/support-for-south-tongu-flood-relief/dsc_1071/","","","DSC_1071","pending"
"6819","OCGX3958.jpg","2023/11/OCGX3958.jpg","https://onixdatacentres.com/2023/11/09/support-for-south-tongu-flood-relief/ocgx3958/","","","OCGX3958","pending"
"6820","OCGX4054.jpg","2023/11/OCGX4054.jpg","https://onixdatacentres.com/2023/11/09/support-for-south-tongu-flood-relief/ocgx4054/","","","OCGX4054","pending"
"6824","20231107_152322.jpg","2023/11/20231107_152322.jpg","https://onixdatacentres.com/2023/11/09/support-for-south-tongu-flood-relief/20231107_152322/","","","20231107_152322","pending"
"6825","20231107_124352.jpg","2023/11/20231107_124352.jpg","https://onixdatacentres.com/2023/11/09/support-for-south-tongu-flood-relief/20231107_124352/","","","20231107_124352","pending"
"6916","BlueSPACE-Onix-Team-Onsite-visit-1.jpeg","2023/11/BlueSPACE-Onix-Team-Onsite-visit-1.jpeg","https://onixdatacentres.com/2023/11/21/bluespace-financial-cloud-onix-data-centre/bluespace-onix-team-onsite-visit-1/","","Onix and BlueSPACE team at Onix Data Centre","BlueSPACE & Onix Team Onsite visit (1)","pending"
"6952","20231212094516.png","2023/12/20231212094516.png","https://onixdatacentres.com/2023/12/12/africas-data-centre-revolution/attachment/20231212094516/","","African interconnection report","20231212094516","pending"
"6954","20231212094823.png","2023/12/20231212094823.png","https://onixdatacentres.com/2023/12/12/africas-data-centre-revolution/attachment/20231212094823/","","","20231212094823","pending"
"6965","ONIX-DATA-CENTER-KEELSON-STUDIOS-51.jpg","2024/01/ONIX-DATA-CENTER-KEELSON-STUDIOS-51.jpg","https://onixdatacentres.com/2024/01/16/navigating-2024-data-centre-trends/onix-data-center-keelson-studios-51-2/","","","ONIX-DATA-CENTER-KEELSON-STUDIOS-51","pending"
"6968","ONIX-blog-image-Jan-16.png","2024/01/ONIX-blog-image-Jan-16.png","https://onixdatacentres.com/2024/01/16/navigating-2024-data-centre-trends/onix-blog-image-jan-16/","","Vertiv Onix new year analysis","Vertiv Onix new year analysis","pending"
"6976","ONIX-logo-press.png","2024/01/ONIX-logo-press.png","https://onixdatacentres.com/2024/01/23/onix-growth-innovation-leadership-transition/onix-logo-press/","","Onix Data Centre Logo","Onix Data Centre Logo","pending"
"7052","ONIX-blog-image-20-feb.jpg","2024/02/ONIX-blog-image-20-feb.jpg","https://onixdatacentres.com/2024/02/20/solar-power-data-centres-sustainable/onix-blog-image-20-feb/","","Abstract illustration of a radiant sun casting light over stylized solar panels, representing the sustainable energy powering Onix Data Centres","ONIX blog image 20 feb","pending"
"7056","digital-ghana.png","2024/03/digital-ghana.png","https://onixdatacentres.com/2024/03/07/edge-computing-in-ghana/digital-ghana/","","","digital-ghana","pending"
"7059","ONIX-blog-image-7-March-.png","2024/03/ONIX-blog-image-7-March-.png","https://onixdatacentres.com/2024/03/07/edge-computing-in-ghana/onix-blog-image-7-march/","","Edge computing cloud on a circuit board","Cloud computing in Ghana","pending"
"7146","ONIX-blog-image-18-03.png","2024/03/ONIX-blog-image-18-03.png","https://onixdatacentres.com/2024/03/18/digital-resilience-in-west-africa/onix-blog-image-18-03/","","Submarine internet cables cut","ONIX bSubmarine internet cables cutlog image 18-03","pending"
"7253","ONIX-blog-image-26-03.png","2024/03/ONIX-blog-image-26-03.png","https://onixdatacentres.com/2024/03/26/onix-introduces-cloud-computing-ghana/onix-blog-image-26-03/","","Digital hands at work on a virtual computer","ONIX blog image 26-03","pending"
"7332","20240312_150056.jpg","2024/04/20240312_150056.jpg","https://onixdatacentres.com/2024/04/03/onix-data-centres-partnership-glico-insurance/20240312_150056/","","Yen Choi, CEO Onix Data centre and Andrew Achampong-Kyei, Esq., MD of GLICO General, sign partnership","20240312_150056","pending"
"7334","20240312_145852.jpg","2024/04/20240312_145852.jpg","https://onixdatacentres.com/2024/04/03/onix-data-centres-partnership-glico-insurance/20240312_145852/","","","20240312_145852","pending"
"7335","20240312_150217.jpg","2024/04/20240312_150217.jpg","https://onixdatacentres.com/2024/04/03/onix-data-centres-partnership-glico-insurance/20240312_150217/","","Onix and GLICO team after signing partnership","20240312_150217","pending"
"7336","20240312_150447.jpg","2024/04/20240312_150447.jpg","https://onixdatacentres.com/2024/04/03/onix-data-centres-partnership-glico-insurance/20240312_150447/","","Yen Choi, CEO Onix Data centre and Andrew Achampong-Kyei, Esq., MD of GLICO General, sign partnership","20240312_150447","pending"
"7337","20240312_145756.jpg","2024/04/20240312_145756.jpg","https://onixdatacentres.com/2024/04/03/onix-data-centres-partnership-glico-insurance/20240312_145756/","","Onix and GLICO partnership signed","20240312_145756","pending"
"7461","ONIX-blog-image-Apr-23.png","2024/04/ONIX-blog-image-Apr-23.png","https://onixdatacentres.com/2024/04/24/different-industries-utilise-data-centres/onix-blog-image-apr-23/","","Onix data centre as a supermarket of solutions","Onix data centre as a supermarket of solutions","pending"
"7532","20240507092212.png","2024/05/20240507092212.png","https://onixdatacentres.com/2024/05/07/data-centre-innovations-africa-adca-report/attachment/20240507092212/","","African Data Centre Association","African Data Centre Association","pending"
"7550","ONIX-blog-image-14-May.png","2024/05/ONIX-blog-image-14-May.png","https://onixdatacentres.com/2024/05/15/transparency-customer-awareness-data-hosting/onix-blog-image-14-may/","","Financial Data Sovereignty Africa","Financial Data Sovereignty Africa","pending"
"7620","data-centres-worldwide.png","2024/05/data-centres-worldwide.png","https://onixdatacentres.com/2024/05/28/global-connectivity/data-centres-worldwide/","","","data-centres-worldwide","pending"
"7623","May-28.jpg","2024/05/May-28.jpg","https://onixdatacentres.com/2024/05/28/global-connectivity/may-28/","","Connecting data centres worldwide","May 28","pending"
"7672","ONIX-blog-image-June.jpg","2024/06/ONIX-blog-image-June.jpg","https://onixdatacentres.com/2024/06/11/data-centre-collaboration/onix-blog-image/","","Data Centre Collaboration","Data Centre Collaboration","pending"
"7673","Media.jpeg","2024/06/Media.jpeg","https://onixdatacentres.com/2024/06/11/data-centre-collaboration/media/","","","Media","pending"
"7678","20240610_144954369_iOS-rotated.jpg","2024/06/20240610_144954369_iOS-rotated.jpg","https://onixdatacentres.com/2024/06/20/strengthening-bonds-our-partnership-with-sekoe-chocolate-suppliers/20240610_144954369_ios/","","Onix and Sekoe Chocolates","Onix and Sekoe Chocolates","pending"
"7679","20240610_145115866_iOS.jpg","2024/06/20240610_145115866_iOS.jpg","https://onixdatacentres.com/2024/06/20/strengthening-bonds-our-partnership-with-sekoe-chocolate-suppliers/20240610_145115866_ios/","","Onix and Sekoe Chocolates","Onix and Sekoe Chocolates","pending"
"7680","20240610_145052576_iOS-rotated.jpg","2024/06/20240610_145052576_iOS-rotated.jpg","https://onixdatacentres.com/2024/06/20/strengthening-bonds-our-partnership-with-sekoe-chocolate-suppliers/20240610_145052576_ios/","","Onix and Sekoe Chocolates","202406Onix and Sekoe Chocolates10_145052576_iOS","pending"
"7681","20240610_145127526_iOS.jpg","2024/06/20240610_145127526_iOS.jpg","https://onixdatacentres.com/2024/06/20/strengthening-bonds-our-partnership-with-sekoe-chocolate-suppliers/20240610_145127526_ios/","","Onix and Sekoe Chocolates","20240610Onix and Sekoe Chocolates_145127526_iOS","pending"
"7682","20240610_145031005_iOS-rotated.jpg","2024/06/20240610_145031005_iOS-rotated.jpg","https://onixdatacentres.com/2024/06/20/strengthening-bonds-our-partnership-with-sekoe-chocolate-suppliers/20240610_145031005_ios/","","Onix and Sekoe Chocolates","20240Onix and Sekoe Chocolates610_145031005_iOS","pending"
"7683","20240610_145009400_iOS-rotated.jpg","2024/06/20240610_145009400_iOS-rotated.jpg","https://onixdatacentres.com/2024/06/20/strengthening-bonds-our-partnership-with-sekoe-chocolate-suppliers/20240610_145009400_ios/","","Onix and Sekoe Chocolates","Onix and Sekoe Chocolates","pending"
"7821","ONIX-blog-image-Jul-9.jpg","2024/07/ONIX-blog-image-Jul-9.jpg","https://onixdatacentres.com/2024/07/09/harnessing-ai-renewable-energy/onix-blog-image-jul-9/","","AI, Sustainability and data centres","AI, Sustainability and data centres","pending"
"7966","BSOD-blog-image.jpg","2024/07/BSOD-blog-image.jpg","https://onixdatacentres.com/2024/07/23/enhancing-resilience-security-it-outages/bsod-blog-image/","","Blue screen of death crowdstrike","Blue screen of death crowdstrike","pending"
"7967","interner-outages-worldwide.png","2024/07/interner-outages-worldwide.png","https://onixdatacentres.com/2024/07/23/enhancing-resilience-security-it-outages/interner-outages-worldwide/","","","interner outages worldwide","pending"
"7998","data-hospital-5.png","2024/10/data-hospital-5.png","https://onixdatacentres.com/2024/10/15/data-centres-healthcare-africa/data-hospital-5/","","","data hospital 5","pending"
"8001","data-hospital-5-edited.png","2024/10/data-hospital-5-edited.png","https://onixdatacentres.com/data-hospital-5-2/","","","data hospital 5","pending"
"8002","data-hospital-5-edited-1.png","2024/10/data-hospital-5-edited-1.png","https://onixdatacentres.com/data-hospital-5-3/","","","data hospital 5","pending"
"8018","data-hospital-4.png","2024/10/data-hospital-4.png","https://onixdatacentres.com/2024/10/15/data-centres-healthcare-africa/data-hospital-4/","","","data hospital 4","pending"
"8019","data-hospital-4-edited.png","2024/10/data-hospital-4-edited.png","https://onixdatacentres.com/data-hospital-4-2/","","","data hospital 4","pending"
"8020","data-hospital-4-edited-1.png","2024/10/data-hospital-4-edited-1.png","https://onixdatacentres.com/data-hospital-4-3/","","","data hospital 4","pending"
"8022","WhatsApp-Image-2024-10-14-at-12.18.13.jpeg","2024/10/WhatsApp-Image-2024-10-14-at-12.18.13.jpeg","https://onixdatacentres.com/2024/10/15/data-centres-healthcare-africa/whatsapp-image-2024-10-14-at-12-18-13/","","Health care and data in Africa","WhatsApp Image 2024-10-14 at 12.18.13","pending"
"8024","yevu_Digital_written_across_the_african_continent_in_a_futurist_f9ec7c59-1090-45e4-8c35-12ee7ccf6e40.png","2024/10/yevu_Digital_written_across_the_african_continent_in_a_futurist_f9ec7c59-1090-45e4-8c35-12ee7ccf6e40.png","https://onixdatacentres.com/2024/10/29/empowering-digital-transformation-africa-data-centres/yevu_digital_written_across_the_african_continent_in_a_futurist_f9ec7c59-1090-45e4-8c35-12ee7ccf6e40/","","","yevu_Digital_written_across_the_african_continent_in_a_futurist_f9ec7c59-1090-45e4-8c35-12ee7ccf6e40","pending"
"8025","yevu_Digital_written_across_the_african_continent_in_a_futurist_f9ec7c59-1090-45e4-8c35-12ee7ccf6e40-1.png","2024/10/yevu_Digital_written_across_the_african_continent_in_a_futurist_f9ec7c59-1090-45e4-8c35-12ee7ccf6e40-1.png","https://onixdatacentres.com/2024/10/29/empowering-digital-transformation-africa-data-centres/yevu_digital_written_across_the_african_continent_in_a_futurist_f9ec7c59-1090-45e4-8c35-12ee7ccf6e40-2/","","","yevu_Digital_written_across_the_african_continent_in_a_futurist_f9ec7c59-1090-45e4-8c35-12ee7ccf6e40","pending"
"8026","yevu_Digital_written_across_the_african_continent_in_a_futurist_f9ec7c59-1090-45e4-8c35-12ee7ccf6e40-1-edited.png","2024/10/yevu_Digital_written_across_the_african_continent_in_a_futurist_f9ec7c59-1090-45e4-8c35-12ee7ccf6e40-1-edited.png","https://onixdatacentres.com/yevu_digital_written_across_the_african_continent_in_a_futurist_f9ec7c59-1090-45e4-8c35-12ee7ccf6e40-3/","","","yevu_Digital_written_across_the_african_continent_in_a_futurist_f9ec7c59-1090-45e4-8c35-12ee7ccf6e40","pending"
"8027","African-elephant-digital-transformation.jpeg","2024/10/African-elephant-digital-transformation.jpeg","https://onixdatacentres.com/2024/10/29/empowering-digital-transformation-africa-data-centres/african-elephant-digital-transformation/","","African Elephant digital transformation","African elephant digital transformation","pending"
"8167","DJI_0721.jpg","2024/11/DJI_0721.jpg","https://onixdatacentres.com/2024/11/19/why-onix-location-genius/default/","","Drone eye view of Onix Data Centre","Drone eye view of Onix Data Centre","pending"
"8315","NOV-BLOG.png","2024/11/NOV-BLOG.png","https://onixdatacentres.com/2024/11/19/why-onix-location-genius/nov-blog/","","Onix data centre, Accra","NOV BLOG","pending"
"8317","image0.jpeg","2024/11/image0.jpeg","https://onixdatacentres.com/2024/11/13/onix-data-centres-linx-ghana/image0-2/","","Nurani Nimpuno and Lenny McKinlay announce partnership","Nurani Nimpuno and Lenny McKinlay announce partnership","pending"
"8318","image1.jpeg","2024/11/image1.jpeg","https://onixdatacentres.com/2024/11/13/onix-data-centres-linx-ghana/image1/","","Onix and LINX announce partnership","Onix and LINX announce partnership","pending"
"8319","Screenshot-2024-11-08-at-17.00.47.png","2024/11/Screenshot-2024-11-08-at-17.00.47.png","https://onixdatacentres.com/2024/11/13/onix-data-centres-linx-ghana/screenshot-2024-11-08-at-17-00-47/","","LINX at Onix Data Centre","LINX at Onix Data Centre","pending"
"8320","ONIX-Accra.png","2024/11/ONIX-Accra.png","https://onixdatacentres.com/2024/11/13/onix-data-centres-linx-ghana/onix-accra/","","London Internet Exchange and Onix partner in Ghana","London Internet Exchange and Onix partner in Ghana","pending"
"8323","Onix-Linx-01.png","2024/11/Onix-Linx-01.png","https://onixdatacentres.com/2024/11/13/onix-data-centres-linx-ghana/onix-linx-01/","","Nurani (LINX) and Lenny (Onix) launch partnership at CTATF","Onix Linx 01","pending"
"8325","Onix-Linx-02.jpg","2024/11/Onix-Linx-02.jpg","https://onixdatacentres.com/2024/11/13/onix-data-centres-linx-ghana/onix-linx-02/","","","Onix Linx 02","pending"
"8333","Onix-Linx-03.jpg","2024/11/Onix-Linx-03.jpg","https://onixdatacentres.com/2024/11/13/onix-data-centres-linx-ghana/onix-linx-03/","","","Onix Linx 03","pending"
"8503","WhatsApp-Image-2024-12-02-at-16.12.11.jpeg","2024/12/WhatsApp-Image-2024-12-02-at-16.12.11.jpeg","https://onixdatacentres.com/2024/12/03/advantages-tier-iv-data-centre/whatsapp-image-2024-12-02-at-16-12-11/","","Onix Tier IV Data Centre","Onix Tier IV Data Centre","pending"
"8510","Data-centre-Christmas-shopping.webp","2024/12/Data-centre-Christmas-shopping.webp","https://onixdatacentres.com/2024/12/17/santas-secret-data-centres/data-centre-christmas-shopping/","","","Data centre Christmas shopping","pending"
"8512","Data-Centre-Christmas-movies.webp","2024/12/Data-Centre-Christmas-movies.webp","https://onixdatacentres.com/2024/12/17/santas-secret-data-centres/data-centre-christmas-movies/","","","Data Centre Christmas movies","pending"
"8513","Data-Centre-Christmas-movies-edited.webp","2024/12/Data-Centre-Christmas-movies-edited.webp","https://onixdatacentres.com/data-centre-christmas-movies-2/","","","Data Centre Christmas movies","pending"
"8517","data-centre-christmas.png","2024/12/data-centre-christmas.png","https://onixdatacentres.com/2024/12/17/santas-secret-data-centres/data-centre-christmas/","","Data Centres at Christmas","data cenData Centres at Christmastre christmas","pending"
"8518","WhatsApp-Image-2024-12-17-at-10.21.21.jpeg","2024/12/WhatsApp-Image-2024-12-17-at-10.21.21.jpeg","https://onixdatacentres.com/2024/12/17/santas-secret-data-centres/whatsapp-image-2024-12-17-at-10-21-21/","","Data Centre at Christmas","Data Centre at Christmas","pending"
"8525","Resolution-.png","2025/01/Resolution-.png","https://onixdatacentres.com/2025/01/08/5-it-resolutions/resolution/","","Onix Data Centre New Years Resolution","ReOnix Data Centre New Years Resolutionsolution","pending"
"8531","New-Years-Resolution-new.png","2025/01/New-Years-Resolution-new.png","https://onixdatacentres.com/2025/01/08/5-it-resolutions/new-years-resolution-new/","","Data Centre New Year Resolution","Data Centre New Year Resolution","pending"
"8622","Local-data-centres-Africa-Ghana.webp","2025/01/Local-data-centres-Africa-Ghana.webp","https://onixdatacentres.com/2025/01/23/revolutionising-innovation-africa-local-hosting/local-data-centres-africa-ghana/","","","Local data centres Africa Ghana","pending"
"8631","Blog-image-jan.png","2025/01/Blog-image-jan.png","https://onixdatacentres.com/2025/01/23/revolutionising-innovation-africa-local-hosting/blog-image-jan/","","Onix Data Centre - Local Hosting in Ghana","Onix Data Centre - Local Hosting in Ghana","pending"
"8641","image.webp","2025/02/image.webp","https://onixdatacentres.com/2025/02/04/the-true-cost-of-downtime/image/","","","image","pending"
"8646","Blog-image-Feb.png","2025/02/Blog-image-Feb.png","https://onixdatacentres.com/2025/02/04/the-true-cost-of-downtime/blog-image-feb/","","Frustrated Business Owner Facing Error 503 Website Downtime","Blog image Feb","pending"
"8653","ghana-doctor-nurse-tablet-digital.png","2025/02/ghana-doctor-nurse-tablet-digital.png","https://onixdatacentres.com/2025/02/18/the-power-of-data-synchronisation-building-ghanas-digital-future/ghana-doctor-nurse-tablet-digital/","","ghana doctor nurse tablet digital","ghana doctor nurse tablet digital","pending"
"8655","18-feb-blog-a.png","2025/02/18-feb-blog-a.png","https://onixdatacentres.com/2025/02/18/the-power-of-data-synchronisation-building-ghanas-digital-future/18-feb-blog-a/","","A futuristic digital map of Ghana with glowing red and blue data points, representing connectivity and synchronisation across the country. Interconnected lines symbolise data flow and digital integration.","Ghana’s Digital Connectivity – The Future of Data Synchronisation","pending"
"8661","search-for-talent.webp","2025/03/search-for-talent.webp","https://onixdatacentres.com/2025/03/11/africas-tech-industry-challenges/search-for-talent/","","","search for talent","pending"
"8663","4-Mar-Blog.png","2025/03/4-Mar-Blog.png","https://onixdatacentres.com/2025/03/11/africas-tech-industry-challenges/4-mar-blog/","","A futuristic, glowing map of Africa with interconnected neon data streams representing AI, fintech, and digital transformation. Beneath the continent, energy surges upward, symbolising innovation and technological growth.","Powering Africa’s Digital Future: Innovation, Energy, and Tech Growth","pending"
"8672","collab-digi-infrastructure.webp","2025/03/collab-digi-infrastructure.webp","https://onixdatacentres.com/2025/03/25/africa-digital-infrastructure/collab-digi-infrastructure/","","","collab digi infrastructure","pending"
"8676","Digital-Infrastructure-Africa.jpg","2025/03/Digital-Infrastructure-Africa.jpg","https://onixdatacentres.com/2025/03/25/africa-digital-infrastructure/onix-new-blog-image/","","A futuristic digital map of Ghana showing fibre-optic connections between data centres, hospitals, banks, and government institutions, symbolising national digital infrastructure.","Digital Infrastructure Africa","pending"
"8704","IMG_6015.jpg","2025/04/IMG_6015.jpg","https://onixdatacentres.com/2025/04/08/powering-smart-cities-africa-infrastructure/onix-new-blog-image-2/","","Stylised digital map of Africa with glowing data circuits and the ONIX logo beneath a skyline.","Onix – Powering Africa’s Digital Future","pending"
"8708","A1793057-DC09-41BF-9F22-3D103BAA8C7C.jpeg","2025/04/A1793057-DC09-41BF-9F22-3D103BAA8C7C.jpeg","https://onixdatacentres.com/2025/04/08/powering-smart-cities-africa-infrastructure/a1793057-dc09-41bf-9f22-3d103baa8c7c/","","","A1793057-DC09-41BF-9F22-3D103BAA8C7C","pending"
"8709","A1793057-DC09-41BF-9F22-3D103BAA8C7C-1.jpeg","2025/04/A1793057-DC09-41BF-9F22-3D103BAA8C7C-1.jpeg","https://onixdatacentres.com/2025/04/08/powering-smart-cities-africa-infrastructure/a1793057-dc09-41bf-9f22-3d103baa8c7c-2/","","","A1793057-DC09-41BF-9F22-3D103BAA8C7C","pending"
"8710","A1793057-DC09-41BF-9F22-3D103BAA8C7C-2.jpeg","2025/04/A1793057-DC09-41BF-9F22-3D103BAA8C7C-2.jpeg","https://onixdatacentres.com/2025/04/08/powering-smart-cities-africa-infrastructure/a1793057-dc09-41bf-9f22-3d103baa8c7c-3/","","","A1793057-DC09-41BF-9F22-3D103BAA8C7C","pending"
"8752","WhatsApp-Image-2025-04-16-at-15.03.05.jpeg","2025/04/WhatsApp-Image-2025-04-16-at-15.03.05.jpeg","https://onixdatacentres.com/2025/04/24/blueprint-digital-africa-gitex-africa/whatsapp-image-2025-04-16-at-15-03-05/","","","WhatsApp Image 2025-04-16 at 15.03.05","pending"
"8753","WhatsApp-Image-2025-04-23-at-09.11.56.jpeg","2025/04/WhatsApp-Image-2025-04-23-at-09.11.56.jpeg","https://onixdatacentres.com/2025/04/24/blueprint-digital-africa-gitex-africa/whatsapp-image-2025-04-23-at-09-11-56/","","","WhatsApp Image 2025-04-23 at 09.11.56","pending"
"8754","WhatsApp-Image-2025-04-16-at-18.41.05-5.jpeg","2025/04/WhatsApp-Image-2025-04-16-at-18.41.05-5.jpeg","https://onixdatacentres.com/2025/04/24/blueprint-digital-africa-gitex-africa/whatsapp-image-2025-04-16-at-18-41-05-5/","","","WhatsApp Image 2025-04-16 at 18.41.05 (5)","pending"
"8755","WhatsApp-Image-2025-04-23-at-09.11.59.jpeg","2025/04/WhatsApp-Image-2025-04-23-at-09.11.59.jpeg","https://onixdatacentres.com/2025/04/24/blueprint-digital-africa-gitex-africa/whatsapp-image-2025-04-23-at-09-11-59/","","","WhatsApp Image 2025-04-23 at 09.11.59","pending"
"8756","WhatsApp-Image-2025-04-23-at-09.11.57.jpeg","2025/04/WhatsApp-Image-2025-04-23-at-09.11.57.jpeg","https://onixdatacentres.com/2025/04/24/blueprint-digital-africa-gitex-africa/whatsapp-image-2025-04-23-at-09-11-57/","","","WhatsApp Image 2025-04-23 at 09.11.57","pending"
"8757","WhatsApp-Image-2025-04-23-at-09.11.58.jpeg","2025/04/WhatsApp-Image-2025-04-23-at-09.11.58.jpeg","https://onixdatacentres.com/2025/04/24/blueprint-digital-africa-gitex-africa/whatsapp-image-2025-04-23-at-09-11-58/","","","WhatsApp Image 2025-04-23 at 09.11.58","pending"
"8758","WhatsApp-Image-2025-04-16-at-15.40.19.jpeg","2025/04/WhatsApp-Image-2025-04-16-at-15.40.19.jpeg","https://onixdatacentres.com/2025/04/24/blueprint-digital-africa-gitex-africa/whatsapp-image-2025-04-16-at-15-40-19/","","Razak Awudulai and his fellow panelists at GITEX AFRICA 2025","Razak Awudulai and his fellow panelists at GITEX AFRICA 2025","pending"
"8774","WhatsApp-Image-2025-04-30-at-07.36.51.jpeg","2025/05/WhatsApp-Image-2025-04-30-at-07.36.51.jpeg","https://onixdatacentres.com/2025/05/06/linx-accra-onix/whatsapp-image-2025-04-30-at-07-36-51/","","Onix and London Internet Exchange partnership","Onix and London Internet Exchange partnership","pending"
"8775","WhatsApp-Image-2025-04-30-at-07.36.51-1.jpeg","2025/05/WhatsApp-Image-2025-04-30-at-07.36.51-1.jpeg","https://onixdatacentres.com/2025/05/06/linx-accra-onix/whatsapp-image-2025-04-30-at-07-36-51-1/","","","WhatsApp Image 2025-04-30 at 07.36.51 (1)","pending"
"8776","WhatsApp-Image-2025-04-30-at-07.36.51-1-1.jpeg","2025/05/WhatsApp-Image-2025-04-30-at-07.36.51-1-1.jpeg","https://onixdatacentres.com/2025/05/06/linx-accra-onix/whatsapp-image-2025-04-30-at-07-36-51-1-2/","","","WhatsApp Image 2025-04-30 at 07.36.51 (1)","pending"
"8777","WhatsApp-Image-2025-04-30-at-07.36.43.jpeg","2025/05/WhatsApp-Image-2025-04-30-at-07.36.43.jpeg","https://onixdatacentres.com/2025/05/06/linx-accra-onix/whatsapp-image-2025-04-30-at-07-36-43/","","","WhatsApp Image 2025-04-30 at 07.36.43","pending"
"8778","WhatsApp-Image-2025-04-30-at-07.36.53-2.jpeg","2025/05/WhatsApp-Image-2025-04-30-at-07.36.53-2.jpeg","https://onixdatacentres.com/2025/05/06/linx-accra-onix/whatsapp-image-2025-04-30-at-07-36-53-2/","","","WhatsApp Image 2025-04-30 at 07.36.53 (2)","pending"
"8779","WhatsApp-Image-2025-04-30-at-07.36.53.jpeg","2025/05/WhatsApp-Image-2025-04-30-at-07.36.53.jpeg","https://onixdatacentres.com/2025/05/06/linx-accra-onix/whatsapp-image-2025-04-30-at-07-36-53/","","","WhatsApp Image 2025-04-30 at 07.36.53","pending"
"8783","WhatsApp-Image-2025-04-30-at-07.36.55-2.jpeg","2025/05/WhatsApp-Image-2025-04-30-at-07.36.55-2.jpeg","https://onixdatacentres.com/2025/05/06/linx-accra-onix/whatsapp-image-2025-04-30-at-07-36-55-2/","","LINX meets the Onix Data Centres team","LINX meets the Onix Data Centres team","pending"
"8786","20250430_160348.jpg","2025/05/20250430_160348.jpg","https://onixdatacentres.com/2025/05/06/linx-accra-onix/20250430_160348/","","","20250430_160348","pending"
"8787","20250430_173312.jpg","2025/05/20250430_173312.jpg","https://onixdatacentres.com/2025/05/06/linx-accra-onix/20250430_173312/","","","20250430_173312","pending"
"8788","20250430_173312-1.jpg","2025/05/20250430_173312-1.jpg","https://onixdatacentres.com/2025/05/06/linx-accra-onix/20250430_173312-2/","","","20250430_173312","pending"
"8791","WhatsApp-Image-2025-05-06-at-10.22.09-3.jpeg","2025/05/WhatsApp-Image-2025-05-06-at-10.22.09-3.jpeg","https://onixdatacentres.com/2025/05/06/linx-accra-onix/whatsapp-image-2025-05-06-at-10-22-09-3/","","","WhatsApp Image 2025-05-06 at 10.22.09 (3)","pending"
"8797","386A4868.jpg","2025/05/386A4868.jpg","https://onixdatacentres.com/2025/05/06/linx-accra-onix/386a4868/","","","386A4868","pending"
"8798","386A5110.jpg","2025/05/386A5110.jpg","https://onixdatacentres.com/2025/05/06/linx-accra-onix/386a5110/","","","386A5110","pending"
"8799","386A5131.jpg","2025/05/386A5131.jpg","https://onixdatacentres.com/2025/05/06/linx-accra-onix/386a5131/","","","386A5131","pending"
"8800","386A5110-1.jpg","2025/05/386A5110-1.jpg","https://onixdatacentres.com/2025/05/06/linx-accra-onix/386a5110-2/","","","386A5110","pending"
"8801","386A5132.jpg","2025/05/386A5132.jpg","https://onixdatacentres.com/2025/05/06/linx-accra-onix/386a5132/","","","386A5132","pending"
"8802","386A4952.jpg","2025/05/386A4952.jpg","https://onixdatacentres.com/2025/05/06/linx-accra-onix/386a4952/","","","386A4952","pending"
"8803","386A4979.jpg","2025/05/386A4979.jpg","https://onixdatacentres.com/2025/05/06/linx-accra-onix/386a4979/","","","386A4979","pending"
"8839","WhatsApp-Image-2025-05-27-at-10.55.10.jpeg","2025/05/WhatsApp-Image-2025-05-27-at-10.55.10.jpeg","https://onixdatacentres.com/2025/05/28/carrier-neutral-data-centres/whatsapp-image-2025-05-27-at-10-55-10/","","Carrier-Neutral Data Centres Freedom. Flexibility. Future-Ready.","“Carrier-Neutral Data Centres” Freedom. Flexibility. Future-Ready.","pending"
"8856","WhatsApp-Image-2025-06-09-at-11.28.25.jpeg","2025/06/WhatsApp-Image-2025-06-09-at-11.28.25.jpeg","https://onixdatacentres.com/2025/06/10/data-centres-decarbonisation-africa/whatsapp-image-2025-06-09-at-11-28-25/","","Minimalist digital illustration showing a diagonal split between abstract data centre infrastructure and renewable energy elements, symbolising the balance between technology and sustainability.","Balancing Digital Infrastructure and Clean Energy in Africa","pending"
"8995","20250624_104336.jpg","2025/07/20250624_104336.jpg","https://onixdatacentres.com/2025/07/02/reflections-pan-african-data-centre-conference/20250624_104336/","","","20250624_104336","pending"
"8997","20250624_130648.jpg","2025/07/20250624_130648.jpg","https://onixdatacentres.com/2025/07/02/reflections-pan-african-data-centre-conference/20250624_130648/","","","20250624_130648","pending"
"8998","20250624_130648-1.jpg","2025/07/20250624_130648-1.jpg","https://onixdatacentres.com/2025/07/02/reflections-pan-african-data-centre-conference/20250624_130648-2/","","","20250624_130648","pending"
"9001","WhatsApp-Image-2025-06-09-at-15.16.29.jpeg","2025/07/WhatsApp-Image-2025-06-09-at-15.16.29.jpeg","https://onixdatacentres.com/2025/07/02/reflections-pan-african-data-centre-conference/whatsapp-image-2025-06-09-at-15-16-29/","","Onix at Pan African Data Centre exhibition","Onix at Pan African Data Centre exhibition","pending"
"9008","PXGH-04-JUL-25-DSC09529.jpg","2025/07/PXGH-04-JUL-25-DSC09529.jpg","https://onixdatacentres.com/2025/07/07/linx-accra-launches-ghana/pxgh-04-jul-25-dsc09529/","","Linx Accra Launch in Ghana with Onix","Linx Accra Launch in Ghana with Onix","pending"
"9009","PXGH-04-JUL-25-DSC09413.jpg","2025/07/PXGH-04-JUL-25-DSC09413.jpg","https://onixdatacentres.com/2025/07/07/linx-accra-launches-ghana/pxgh-04-jul-25-dsc09413/","","","PXGH-04-JUL-25-DSC09413","pending"
"9010","PXGH-04-JUL-25-DSC09413-1.jpg","2025/07/PXGH-04-JUL-25-DSC09413-1.jpg","https://onixdatacentres.com/2025/07/07/linx-accra-launches-ghana/pxgh-04-jul-25-dsc09413-2/","","","PXGH-04-JUL-25-DSC09413","pending"
"9012","20250703_110805-rotated.jpg","2025/07/20250703_110805-rotated.jpg","https://onixdatacentres.com/2025/07/07/linx-accra-launches-ghana/20250703_110805/","","","20250703_110805","pending"
"9013","20250703_110805-1-rotated.jpg","2025/07/20250703_110805-1-rotated.jpg","https://onixdatacentres.com/2025/07/07/linx-accra-launches-ghana/20250703_110805-2/","","","20250703_110805","pending"
"9014","20250703_110805-2-rotated.jpg","2025/07/20250703_110805-2-rotated.jpg","https://onixdatacentres.com/2025/07/07/linx-accra-launches-ghana/20250703_110805-3/","","","20250703_110805","pending"
"9015","20250703_110805-2-edited.jpg","2025/07/20250703_110805-2-edited.jpg","https://onixdatacentres.com/20250703_110805-4/","","","20250703_110805","pending"
"9017","20250703_184754.jpg","2025/07/20250703_184754.jpg","https://onixdatacentres.com/2025/07/07/linx-accra-launches-ghana/20250703_184754/","","","20250703_184754","pending"
"9018","20250703_1138210-rotated.jpg","2025/07/20250703_1138210-rotated.jpg","https://onixdatacentres.com/2025/07/07/linx-accra-launches-ghana/20250703_1138210/","","","20250703_113821(0)","pending"
"9019","20250703_113803.jpg","2025/07/20250703_113803.jpg","https://onixdatacentres.com/2025/07/07/linx-accra-launches-ghana/20250703_113803/","","","20250703_113803","pending"
"9020","20250703_185647.jpg","2025/07/20250703_185647.jpg","https://onixdatacentres.com/2025/07/07/linx-accra-launches-ghana/20250703_185647/","","","20250703_185647","pending"
"9021","20250703_110606.jpg","2025/07/20250703_110606.jpg","https://onixdatacentres.com/2025/07/07/linx-accra-launches-ghana/20250703_110606/","","","20250703_110606","pending"
"9022","20250703_110443.jpg","2025/07/20250703_110443.jpg","https://onixdatacentres.com/2025/07/07/linx-accra-launches-ghana/20250703_110443/","","","20250703_110443","pending"
"9023","20250703_110740.jpg","2025/07/20250703_110740.jpg","https://onixdatacentres.com/2025/07/07/linx-accra-launches-ghana/20250703_110740/","","","20250703_110740","pending"
"9024","20250703_110737-rotated.jpg","2025/07/20250703_110737-rotated.jpg","https://onixdatacentres.com/2025/07/07/linx-accra-launches-ghana/20250703_110737/","","","20250703_110737","pending"
"9025","20250703_110808-rotated.jpg","2025/07/20250703_110808-rotated.jpg","https://onixdatacentres.com/2025/07/07/linx-accra-launches-ghana/20250703_110808/","","","20250703_110808","pending"
"9026","20250703_110805-3-rotated.jpg","2025/07/20250703_110805-3-rotated.jpg","https://onixdatacentres.com/2025/07/07/linx-accra-launches-ghana/20250703_110805-5/","","","20250703_110805","pending"
"9027","20250703_170235-rotated.jpg","2025/07/20250703_170235-rotated.jpg","https://onixdatacentres.com/2025/07/07/linx-accra-launches-ghana/20250703_170235/","","","20250703_170235","pending"
"9029","PXGH-04-JUL-25-DSC08557.jpg","2025/07/PXGH-04-JUL-25-DSC08557.jpg","https://onixdatacentres.com/2025/07/07/linx-accra-launches-ghana/pxgh-04-jul-25-dsc08557/","","","PXGH-04-JUL-25-DSC08557","pending"
"9030","PXGH-04-JUL-25-DSC08566.jpg","2025/07/PXGH-04-JUL-25-DSC08566.jpg","https://onixdatacentres.com/2025/07/07/linx-accra-launches-ghana/pxgh-04-jul-25-dsc08566/","","","PXGH-04-JUL-25-DSC08566","pending"
"9031","PXGH-04-JUL-25-DSC08785.jpg","2025/07/PXGH-04-JUL-25-DSC08785.jpg","https://onixdatacentres.com/2025/07/07/linx-accra-launches-ghana/pxgh-04-jul-25-dsc08785/","","","PXGH-04-JUL-25-DSC08785","pending"
"9032","PXGH-04-JUL-25-DSC08863.jpg","2025/07/PXGH-04-JUL-25-DSC08863.jpg","https://onixdatacentres.com/2025/07/07/linx-accra-launches-ghana/pxgh-04-jul-25-dsc08863/","","","PXGH-04-JUL-25-DSC08863","pending"
"9033","PXGH-04-JUL-25-DSC09122.jpg","2025/07/PXGH-04-JUL-25-DSC09122.jpg","https://onixdatacentres.com/2025/07/07/linx-accra-launches-ghana/pxgh-04-jul-25-dsc09122/","","","PXGH-04-JUL-25-DSC09122","pending"
"9034","PXGH-04-JUL-25-DSC09180.jpg","2025/07/PXGH-04-JUL-25-DSC09180.jpg","https://onixdatacentres.com/2025/07/07/linx-accra-launches-ghana/pxgh-04-jul-25-dsc09180/","","","PXGH-04-JUL-25-DSC09180","pending"
"9035","PXGH-04-JUL-25-DSC09213.jpg","2025/07/PXGH-04-JUL-25-DSC09213.jpg","https://onixdatacentres.com/2025/07/07/linx-accra-launches-ghana/pxgh-04-jul-25-dsc09213/","","","PXGH-04-JUL-25-DSC09213","pending"
"9036","PXGH-04-JUL-25-DSC09270.jpg","2025/07/PXGH-04-JUL-25-DSC09270.jpg","https://onixdatacentres.com/2025/07/07/linx-accra-launches-ghana/pxgh-04-jul-25-dsc09270/","","","PXGH-04-JUL-25-DSC09270","pending"
"9037","PXGH-04-JUL-25-DSC09296.jpg","2025/07/PXGH-04-JUL-25-DSC09296.jpg","https://onixdatacentres.com/2025/07/07/linx-accra-launches-ghana/pxgh-04-jul-25-dsc09296/","","","PXGH-04-JUL-25-DSC09296","pending"
"9038","PXGH-04-JUL-25-DSC09312.jpg","2025/07/PXGH-04-JUL-25-DSC09312.jpg","https://onixdatacentres.com/2025/07/07/linx-accra-launches-ghana/pxgh-04-jul-25-dsc09312/","","","PXGH-04-JUL-25-DSC09312","pending"
"9039","PXGH-04-JUL-25-DSC09399.jpg","2025/07/PXGH-04-JUL-25-DSC09399.jpg","https://onixdatacentres.com/2025/07/07/linx-accra-launches-ghana/pxgh-04-jul-25-dsc09399/","","","PXGH-04-JUL-25-DSC09399","pending"
"9040","PXGH-04-JUL-25-DSC09510.jpg","2025/07/PXGH-04-JUL-25-DSC09510.jpg","https://onixdatacentres.com/2025/07/07/linx-accra-launches-ghana/pxgh-04-jul-25-dsc09510/","","","PXGH-04-JUL-25-DSC09510","pending"
"9041","PXGH-04-JUL-25-DSC09529-1.jpg","2025/07/PXGH-04-JUL-25-DSC09529-1.jpg","https://onixdatacentres.com/2025/07/07/linx-accra-launches-ghana/pxgh-04-jul-25-dsc09529-2/","","","PXGH-04-JUL-25-DSC09529","pending"
"9050","Onix-students-3.jpeg","2025/07/Onix-students-3.jpeg","https://onixdatacentres.com/2025/07/22/gctu-students-explore-onix-data-centre/onix-students-3/","","","Onix students 3","pending"
"9052","Onix-students-12.jpeg","2025/07/Onix-students-12.jpeg","https://onixdatacentres.com/2025/07/22/gctu-students-explore-onix-data-centre/onix-students-12/","","","Onix students 12","pending"
"9054","Onix-students-11.jpeg","2025/07/Onix-students-11.jpeg","https://onixdatacentres.com/2025/07/22/gctu-students-explore-onix-data-centre/onix-students-11/","","","Onix students 11","pending"
"9055","Onix-students-3-1.jpeg","2025/07/Onix-students-3-1.jpeg","https://onixdatacentres.com/2025/07/22/gctu-students-explore-onix-data-centre/onix-students-3-2/","","","Onix students 3","pending"
"9056","Onix-students-12-1.jpeg","2025/07/Onix-students-12-1.jpeg","https://onixdatacentres.com/2025/07/22/gctu-students-explore-onix-data-centre/onix-students-12-2/","","","Onix students 12","pending"
"9057","Onix-Students-13.jpeg","2025/07/Onix-Students-13.jpeg","https://onixdatacentres.com/2025/07/22/gctu-students-explore-onix-data-centre/onix-students-13/","","","Onix Students 13","pending"
"9058","Onix-students-15.jpeg","2025/07/Onix-students-15.jpeg","https://onixdatacentres.com/2025/07/22/gctu-students-explore-onix-data-centre/onix-students-15/","","","Onix students 15","pending"
"9059","Onix-students-5.jpeg","2025/07/Onix-students-5.jpeg","https://onixdatacentres.com/2025/07/22/gctu-students-explore-onix-data-centre/onix-students-5/","","","Onix students 5","pending"
"9060","Onix-students-14.jpeg","2025/07/Onix-students-14.jpeg","https://onixdatacentres.com/2025/07/22/gctu-students-explore-onix-data-centre/onix-students-14/","","","Onix students 14","pending"
"9061","Onix-students-1-.jpeg","2025/07/Onix-students-1-.jpeg","https://onixdatacentres.com/2025/07/22/gctu-students-explore-onix-data-centre/onix-students-1/","","","Onix students 1","pending"
"9062","Onix-students-2.jpeg","2025/07/Onix-students-2.jpeg","https://onixdatacentres.com/2025/07/22/gctu-students-explore-onix-data-centre/onix-students-2/","","","Onix students 2","pending"
"9063","Onix-students-8.jpeg","2025/07/Onix-students-8.jpeg","https://onixdatacentres.com/2025/07/22/gctu-students-explore-onix-data-centre/onix-students-8/","","","Onix students 8","pending"
"9064","Onix-students-4.jpeg","2025/07/Onix-students-4.jpeg","https://onixdatacentres.com/2025/07/22/gctu-students-explore-onix-data-centre/onix-students-4/","","","Onix students 4","pending"
"9065","Onix-students-9.jpeg","2025/07/Onix-students-9.jpeg","https://onixdatacentres.com/2025/07/22/gctu-students-explore-onix-data-centre/onix-students-9/","","","Onix students 9","pending"
"9066","Onix-students-6.jpeg","2025/07/Onix-students-6.jpeg","https://onixdatacentres.com/2025/07/22/gctu-students-explore-onix-data-centre/onix-students-6/","","","Onix students 6","pending"
"9067","Onix-students-7.jpeg","2025/07/Onix-students-7.jpeg","https://onixdatacentres.com/2025/07/22/gctu-students-explore-onix-data-centre/onix-students-7/","","","Onix students 7","pending"
"9068","Onix-students-10.jpeg","2025/07/Onix-students-10.jpeg","https://onixdatacentres.com/2025/07/22/gctu-students-explore-onix-data-centre/onix-students-10/","","","Onix students 10","pending"
"9122","DCbyte-infographic.png","2025/08/DCbyte-infographic.png","https://onixdatacentres.com/2025/08/05/ghana-data-centre-powerhouse/dcbyte-infographic/","","","DCbyte infographic","pending"
"9125","5-Aug-Blog.png","2025/08/5-Aug-Blog.png","https://onixdatacentres.com/2025/08/05/ghana-data-centre-powerhouse/5-aug-blog/","","A digital map overlay of Ghana showing connected data nodes across a coastal cityscape, representing Ghana’s growing role in digital infrastructure.","Ghana Digital Infrastructure Aerial Network Overlay","pending"
"9558","26-Aug-Blog-2.jpg","2025/08/26-Aug-Blog-2.jpg","https://onixdatacentres.com/2025/08/28/hidden-latency-ghana/26-aug-blog-2/","","A Ghanaian businessman at his desk viewing a laptop screen stuck on a loading icon, symbolising digital latency.","Slow Digital Experience Due to Latency","pending"
"9559","WhatsApp-Image-2025-08-26-at-11.04.54.jpeg","2025/08/WhatsApp-Image-2025-08-26-at-11.04.54.jpeg","https://onixdatacentres.com/2025/08/28/hidden-latency-ghana/whatsapp-image-2025-08-26-at-11-04-54/","","Aerial digital illustration of a lake with two glowing data routes — a straight path over a bridge labelled “Low Latency” and a winding red path around the lake labelled “High Latency.”","Low vs High Latency: A Visual Shortcut","pending"
"9571","20250903_140309.jpg","2025/09/20250903_140309.jpg","https://onixdatacentres.com/2025/09/09/digital-africa-summit-ghana-2025/20250903_140309/","","Group photo of all speakers standing on stage during the Digital Africa Summit panel “Powering Innovation: Data Centres as the Core of Africa’s AI Revolution” in Accra.","Digital Africa Summit – Data Centres Panel","pending"
"9572","20250903_133212.jpg","2025/09/20250903_133212.jpg","https://onixdatacentres.com/2025/09/09/digital-africa-summit-ghana-2025/20250903_133212/","","","20250903_133212","pending"
"9573","20250903_100124.jpg","2025/09/20250903_100124.jpg","https://onixdatacentres.com/2025/09/09/digital-africa-summit-ghana-2025/20250903_100124/","","","20250903_100124","pending"
"9574","20250903_101342-rotated.jpg","2025/09/20250903_101342-rotated.jpg","https://onixdatacentres.com/2025/09/09/digital-africa-summit-ghana-2025/20250903_101342/","","","20250903_101342","pending"
"9575","20250903_141319.jpg","2025/09/20250903_141319.jpg","https://onixdatacentres.com/2025/09/09/digital-africa-summit-ghana-2025/20250903_141319/","","","20250903_141319","pending"
"9576","20250903_141431.jpg","2025/09/20250903_141431.jpg","https://onixdatacentres.com/2025/09/09/digital-africa-summit-ghana-2025/20250903_141431/","","","20250903_141431","pending"
"9577","20250903_141456.jpg","2025/09/20250903_141456.jpg","https://onixdatacentres.com/2025/09/09/digital-africa-summit-ghana-2025/20250903_141456/","","","20250903_141456","pending"
"9578","20250903_141431-1.jpg","2025/09/20250903_141431-1.jpg","https://onixdatacentres.com/2025/09/09/digital-africa-summit-ghana-2025/20250903_141431-2/","","","20250903_141431","pending"
"9579","20250903_101342-1-rotated.jpg","2025/09/20250903_101342-1-rotated.jpg","https://onixdatacentres.com/2025/09/09/digital-africa-summit-ghana-2025/20250903_101342-2/","","","20250903_101342","pending"
"9580","20250903_133212-1.jpg","2025/09/20250903_133212-1.jpg","https://onixdatacentres.com/2025/09/09/digital-africa-summit-ghana-2025/20250903_133212-2/","","","20250903_133212","pending"
"9581","20250903_141319-1.jpg","2025/09/20250903_141319-1.jpg","https://onixdatacentres.com/2025/09/09/digital-africa-summit-ghana-2025/20250903_141319-2/","","","20250903_141319","pending"
"9582","20250903_141456-1.jpg","2025/09/20250903_141456-1.jpg","https://onixdatacentres.com/2025/09/09/digital-africa-summit-ghana-2025/20250903_141456-2/","","","20250903_141456","pending"
"9583","WhatsApp-Image-2025-09-03-at-10.17.46.jpeg","2025/09/WhatsApp-Image-2025-09-03-at-10.17.46.jpeg","https://onixdatacentres.com/2025/09/09/digital-africa-summit-ghana-2025/whatsapp-image-2025-09-03-at-10-17-46/","","","WhatsApp Image 2025-09-03 at 10.17.46","pending"
"9592","WhatsApp-Image-2025-09-29-at-22.00.37.jpeg","2025/09/WhatsApp-Image-2025-09-29-at-22.00.37.jpeg","https://onixdatacentres.com/2025/09/30/local-infrastructure-future-gaming/whatsapp-image-2025-09-29-at-22-00-37/","","Two side-by-side gaming frames in a sci-fi corridor. Left panel shows the rival centred with a green aim marker. Right panel shows the rival a step ahead with a red aim marker, illustrating the server’s later position due to latency.","What you saw vs what the server saw — latency comparison","pending"
"9593","WhatsApp-Image-2025-09-29-at-22.01.07.jpeg","2025/09/WhatsApp-Image-2025-09-29-at-22.01.07.jpeg","https://onixdatacentres.com/2025/09/30/local-infrastructure-future-gaming/whatsapp-image-2025-09-29-at-22-01-07/","","Disappointed Ghanaian gamer wearing a headset after an online match loss, “Defeat” screen blurred in the background.","WhatsApp Image 2025-09-29 at 22.01.07","pending"
"9594","WhatsApp-Image-2025-09-29-at-22.01.08.jpeg","2025/09/WhatsApp-Image-2025-09-29-at-22.01.08.jpeg","https://onixdatacentres.com/2025/09/30/local-infrastructure-future-gaming/whatsapp-image-2025-09-29-at-22-01-08/","","","WhatsApp Image 2025-09-29 at 22.01.08","pending"
"9609","20251008_105830.jpg","2025/10/20251008_105830.jpg","https://onixdatacentres.com/2025/10/13/ghana-afts-accra-2025/20251008_105830/","","Hon. Samuel George delivering keynote on digital sovereignty","AFTS Accra 2025 Keynote Address","pending"
"9610","20251009_202113.jpg","2025/10/20251009_202113.jpg","https://onixdatacentres.com/2025/10/13/ghana-afts-accra-2025/20251009_202113/","","","20251009_202113","pending"
"9611","Fintech-4.jpeg","2025/10/Fintech-4.jpeg","https://onixdatacentres.com/2025/10/13/ghana-afts-accra-2025/fintech-4/","","","Fintech 4","pending"
"9612","Fin-tech-1.jpeg","2025/10/Fin-tech-1.jpeg","https://onixdatacentres.com/2025/10/13/ghana-afts-accra-2025/fin-tech-1/","","","Fin tech 1","pending"
"9613","fin-tech-2.jpeg","2025/10/fin-tech-2.jpeg","https://onixdatacentres.com/2025/10/13/ghana-afts-accra-2025/fin-tech-2/","","","fin tech 2","pending"
"9614","fintech-6.jpeg","2025/10/fintech-6.jpeg","https://onixdatacentres.com/2025/10/13/ghana-afts-accra-2025/fintech-6/","","Africa FinTech Summit 2025 – Accra, Ghana | October 8–10","Africa FinTech Summit 2025 – Accra, Ghana | October 8–10","pending"
"9615","Fintech-3.jpeg","2025/10/Fintech-3.jpeg","https://onixdatacentres.com/2025/10/13/ghana-afts-accra-2025/fintech-3/","","Hon. Samuel George delivering keynote on digital sovereignty","AFTS Accra 2025 Keynote Address","pending"
"9618","Broadspectrum-Team-at-Africa-Fintech-Summit.jpeg","2025/10/Broadspectrum-Team-at-Africa-Fintech-Summit.jpeg","https://onixdatacentres.com/2025/10/13/ghana-afts-accra-2025/broadspectrum-team-at-africa-fintech-summit/","","","Broadspectrum Team at Africa Fintech Summit","pending"
"9632","aws-blog-7.png","2025/10/aws-blog-7.png","https://onixdatacentres.com/2025/10/28/africa-digital-cloud-resilience/aws-blog-7/","","African shopkeeper standing behind a counter while a customer waits, as a POS terminal shows “No Connection,” symbolising the impact of cloud outages on local businesses.","The Cost of Digital Downtime – African Retail Resilience","pending"
"9636","WhatsApp-Image-2025-10-28-at-10.09.32.jpeg","2025/10/WhatsApp-Image-2025-10-28-at-10.09.32.jpeg","https://onixdatacentres.com/2025/10/28/africa-digital-cloud-resilience/whatsapp-image-2025-10-28-at-10-09-32/","","A glowing cloud hovering above a stylised African continent with golden data connections symbolising resilience and connectivity.","Africa’s Digital Cloud Network – Onix Data Centre Blog","pending"
"9868","WhatsApp-Image-2025-11-10-at-12.18.35.jpeg","2025/11/WhatsApp-Image-2025-11-10-at-12.18.35.jpeg","https://onixdatacentres.com/2025/11/13/what-is-peering/whatsapp-image-2025-11-10-at-12-18-35/","","Open suitcase in an Accra apartment with clothes and gifts alongside miniature glowing server racks, symbolising returnee founders whose servers are still overseas.","Returnee founders came home – their servers stayed overseas","pending"
"9871","WhatsApp-Image-2025-11-10-at-15.44.22.jpeg","2025/11/WhatsApp-Image-2025-11-10-at-15.44.22.jpeg","https://onixdatacentres.com/2025/11/13/what-is-peering/whatsapp-image-2025-11-10-at-15-44-22/","","Two simple rows compare Internet routing: top shows a parcel going through a small ‘IXP’ gate directly between two houses; bottom shows the parcel detouring via an airport on a long dotted line.","Keep Ghana traffic local: peering vs overseas detour","pending"
"9938","WhatsApp-Image-2025-12-08-at-10.00.35-1.jpeg","2025/12/WhatsApp-Image-2025-12-08-at-10.00.35-1.jpeg","https://onixdatacentres.com/2025/12/08/returnee-onix-data-centre-business/whatsapp-image-2025-12-08-at-10-00-35-1/","","","WhatsApp Image 2025-12-08 at 10.00.35 (1)","pending"
"9940","WhatsApp-Image-2025-12-08-at-10.00.35.jpeg","2025/12/WhatsApp-Image-2025-12-08-at-10.00.35.jpeg","https://onixdatacentres.com/2025/12/08/returnee-onix-data-centre-business/whatsapp-image-2025-12-08-at-10-00-35/","","Open suitcase in an Accra apartment with clothes and gifts alongside miniature glowing server racks, symbolising returnee founders whose servers are still overseas.","Returnee founders came home – their servers stayed overseas","pending"
"9953","Gemini_Generated_Image_x5mpxox5mpxox5mp.jpeg","2026/01/Gemini_Generated_Image_x5mpxox5mpxox5mp.jpeg","https://onixdatacentres.com/2026/01/07/2026-the-year-reliability-becomes-strategy/gemini_generated_image_x5mpxox5mpxox5mp/","","Diagram showing how continuity, connectivity, control, and cost certainty combine to create reliable digital infrastructure.","The four decisions that define reliable digital infrastructure","pending"
"9958","WhatsApp-Image-2026-01-07-at-10.48.54.jpeg","2026/01/WhatsApp-Image-2026-01-07-at-10.48.54.jpeg","https://onixdatacentres.com/2026/01/07/2026-the-year-reliability-becomes-strategy/whatsapp-image-2026-01-07-at-10-48-54/","","A city floating above hidden digital infrastructure, illustrating how reliable systems are invisible until they fail.","Reliability isn’t visible. Until it fails.","pending"
"9967","SLA-article.png","2026/01/SLA-article.png","https://onixdatacentres.com/2026/01/20/sla-vs-reality-data-centres-uptime/sla-article/","","A comparison showing a service level agreement on one side and continuous operational practices on the other.","From SLA to Operational Reality","pending"
"9969","Reliability-loop-SLA-Onix.png","2026/01/Reliability-loop-SLA-Onix.png","https://onixdatacentres.com/2026/01/20/sla-vs-reality-data-centres-uptime/reliability-loop-sla-onix/","","A circular diagram showing the continuous operational cycle used to maintain data centre reliability.","The Reliability Operations Loop","pending"
"9971","WhatsApp-Image-2026-01-20-at-10.23.05.jpeg","2026/01/WhatsApp-Image-2026-01-20-at-10.23.05.jpeg","https://onixdatacentres.com/2026/01/20/sla-vs-reality-data-centres-uptime/whatsapp-image-2026-01-20-at-10-23-05/","","A signed service level agreement contrasted with data centre operations staff monitoring systems in a control room.","SLA Promise vs Operational Practice","pending"
"9980","Gemini_Generated_Image_5tt2ei5tt2ei5tt2-1.png","2026/02/Gemini_Generated_Image_5tt2ei5tt2ei5tt2-1.png","https://onixdatacentres.com/2026/02/05/composable-dynamic-infrastructure/gemini_generated_image_5tt2ei5tt2ei5tt2-2/","","","Gemini_Generated_Image_5tt2ei5tt2ei5tt2","pending"
"9982","Onix_Blog_Image3_Traditional_vs_Composable.png","2026/02/Onix_Blog_Image3_Traditional_vs_Composable.png","https://onixdatacentres.com/2026/02/05/composable-dynamic-infrastructure/onix_blog_image3_traditional_vs_composable/","","Side-by-side comparison of traditional infrastructure and composable infrastructure.","Traditional vs composable infrastructure","pending"
"9984","Onix_Blog_Image3_Flow.png","2026/02/Onix_Blog_Image3_Flow.png","https://onixdatacentres.com/2026/02/05/composable-dynamic-infrastructure/onix_blog_image3_flow/","","Four-step diagram: define need, software composes, resources delivered, monitored and adjusted.","How composable infrastructure works","pending"
"9987","Lego-Blog-image-2.png","2026/02/Lego-Blog-image-2.png","https://onixdatacentres.com/2026/02/05/composable-dynamic-infrastructure/lego-blog-image-2/","","Hand rearranging modular blocks to represent composable infrastructure. Hand rearranging modular blocks to represent composable infrastructure.","Composable infrastructure as building blocks","pending"
"10106","Gemini_Generated_Image_t6bhy8t6bhy8t6bh.png","2026/03/Gemini_Generated_Image_t6bhy8t6bhy8t6bh.png","https://onixdatacentres.com/2026/03/09/ghana-independence-69-digital-nation/gemini_generated_image_t6bhy8t6bhy8t6bh/","","Ghanaian professionals and entrepreneurs working on laptops and smartphones at an open café workspace, reflecting digital connectivity in everyday life.","Connected work and digital life in Ghana","pending"
"10110","Ghana@69-b.jpg","2026/03/Ghana@69-b.jpg","https://onixdatacentres.com/2026/03/09/ghana-independence-69-digital-nation/ghana69-b/","","A cross-section of Ghanaian society including farmers, healthcare workers, mechanics, students, professionals and parents using digital tools in everyday life.","Ghana digitisation supporting everyday life across society","pending"
"10151","Gemini_Generated_Image_1nd7xd1nd7xd1nd7.png","2026/03/Gemini_Generated_Image_1nd7xd1nd7xd1nd7.png","https://onixdatacentres.com/2026/03/31/africas-ai-future-infrastructure/gemini_generated_image_1nd7xd1nd7xd1nd7/","","Artificial intelligence supporting modern urban systems and digital activity in an African city environment","AI in Africa supporting real digital systems","pending"
"10154","Mar-Blog-Image-1.jpg","2026/03/Mar-Blog-Image-1.jpg","https://onixdatacentres.com/2026/03/31/africas-ai-future-infrastructure/mar-blog-image-1/","","Cross-section illustration of a modern West African city with hidden data centre, fibre, power and cooling infrastructure beneath the surface","Africa AI infrastructure hidden foundations","pending"
"10188","Africas-Digital-Infrastructure-and-Global-Conflict-Risk.jpg","2026/04/Africas-Digital-Infrastructure-and-Global-Conflict-Risk.jpg","https://onixdatacentres.com/2026/04/14/war-conflict-revealing-about-cloud/africas-digital-infrastructure-and-global-conflict-risk/","","Satellite-style map showing Africa’s submarine cable connections to Europe and the Middle East, with overseas conflict risk highlighted around the Red Sea and Persian Gulf.","Africa’s Digital Infrastructure and Global Conflict Risk","pending"
"10189","infrastructure-behind-the-cloud.png","2026/04/infrastructure-behind-the-cloud.png","https://onixdatacentres.com/2026/04/14/war-conflict-revealing-about-cloud/infrastructure-behind-the-cloud/","","","infrastructure behind the cloud","pending"
"10191","infrastructure-risk-planning.png","2026/04/infrastructure-risk-planning.png","https://onixdatacentres.com/2026/04/14/war-conflict-revealing-about-cloud/infrastructure-risk-planning/","","","infrastructure-risk-planning","pending"
"10204","Racks-Onix.png","2026/04/Racks-Onix.png","https://onixdatacentres.com/2026/04/28/infrastructure-decisions-are-becoming-timing-decisions/racks-onix/","","Secure data centre corridor with organised server racks and realistic server indicator lights.","Resilient Colocation Capacity","pending"
"10206","Onix-Boardroom-discussion.png","2026/04/Onix-Boardroom-discussion.png","https://onixdatacentres.com/2026/04/28/infrastructure-decisions-are-becoming-timing-decisions/onix-boardroom-discussion/","","African business leaders reviewing digital infrastructure strategy, network plans and regional connectivity.","Digital Infrastructure Planning","pending"
"10208","Meet-me-room-Onix.png","2026/04/Meet-me-room-Onix.png","https://onixdatacentres.com/2026/04/28/infrastructure-decisions-are-becoming-timing-decisions/meet-me-room-onix/","","Meet Me Room and fibre connectivity infrastructure showing multiple carrier options and regional network routes.","A premium boardroom image showing African business leaders reviewing digital infrastructure plans, network diagrams and growth strategy. The image reinforces the article’s message that infrastructure planning is no longer only a technical issue, but a boardroom-level decision for CIOs, CTOs, CFOs, founders and business leaders.","pending"
"10212","Blog-Image-April.jpg","2026/04/Blog-Image-April.jpg","https://onixdatacentres.com/2026/04/28/infrastructure-decisions-are-becoming-timing-decisions/blog-image-april/","","Modern African city with an hourglass above hidden data centre infrastructure, representing the timing of digital infrastructure decisions.","Infrastructure Decisions Are Becoming Timing Decisions","pending"
"10220","hidden-office-server-room-risk.png","2026/05/hidden-office-server-room-risk.png","https://onixdatacentres.com/2026/05/19/your-server-room-is-not-a-data-centre/hidden-office-server-room-risk/","","Small office server room visible behind a partially open door, showing cables, equipment and cooling limitations.","Hidden Office Server Room Risk","pending"
"10222","colocation-migration-planning-business-continuity.png","2026/05/colocation-migration-planning-business-continuity.png","https://onixdatacentres.com/2026/05/19/your-server-room-is-not-a-data-centre/colocation-migration-planning-business-continuity/","","Infrastructure migration planning table with rack diagrams, checklist and data centre visible in the background.","Colocation Migration Planning and Business Continuity","pending"
"10228","server-room-vs-data-centre-colocation-ghana-onix.jpeg","2026/05/server-room-vs-data-centre-colocation-ghana-onix.jpeg","https://onixdatacentres.com/2026/05/19/your-server-room-is-not-a-data-centre/server-room-vs-data-centre-colocation-ghana-onix/","","Comparison between an office server room and a professional data centre for secure colocation in Ghana.","Server Room vs Data Centre Colocation Ghana","pending"
"10255","Onix-Health-Care.png","2026/06/Onix-Health-Care.png","https://onixdatacentres.com/2026/06/02/health-data-sovereignty-ghana-digital-health-infrastructure/onix-health-care/","","Secure Ghana health data visualisation connected to ONIX data centre infrastructure.","Onix Health Care","pending"
"10256","health-data-security.png","2026/06/health-data-security.png","https://onixdatacentres.com/2026/06/02/health-data-sovereignty-ghana-digital-health-infrastructure/health-data-security/","","Secure digital health records stored in protected data centre infrastructure.","Secure Health Data Storage","pending"
"10258","Health-data-infrastructure.png","2026/06/Health-data-infrastructure.png","https://onixdatacentres.com/2026/06/02/health-data-sovereignty-ghana-digital-health-infrastructure/health-data-infrastructure/","","Digital health services connected to secure data centre infrastructure.","Digital Health Depends on Infrastructure","pending"
"10271","Africa-Global-Data-Centre-network.png","2026/06/Africa-Global-Data-Centre-network.png","https://onixdatacentres.com/2026/06/15/ai-boom-africa-data-centres/africa-global-data-centre-network/","","","Africa  Global Data Centre network","pending"
"10273","esponsible-african-data-centre-growth-onix.png","2026/06/esponsible-african-data-centre-growth-onix.png","https://onixdatacentres.com/2026/06/15/ai-boom-africa-data-centres/esponsible-african-data-centre-growth-onix/","","","esponsible-african-data-centre-growth-onix","pending"
"10276","africa-global-ai-infrastructure-map-onix.png","2026/06/africa-global-ai-infrastructure-map-onix.png","https://onixdatacentres.com/2026/06/15/ai-boom-africa-data-centres/africa-global-ai-infrastructure-map-onix/","","Onix data centre in Africa connected to global digital infrastructure networks, with solar panels and data routes linking Africa to the world.","Africa on the Global AI Infrastructure Map","pending"
"10284","Nigeria-digital-sovreignty.png","2026/06/Nigeria-digital-sovreignty.png","https://onixdatacentres.com/2026/07/07/when-financial-data-comes-home-what-nigerias-new-direction-means-for-ghana/nigeria-digital-sovreignty/","","Digital map of West Africa highlighting Ghana and Nigeria, connected by secure data flows above a modern data centre and city skyline.","Ghana and Nigeria: Building Secure Digital Infrastructure","pending"
"10286","Ghanas-Digital-Ecosystem.png","2026/07/Ghanas-Digital-Ecosystem.png","https://onixdatacentres.com/2026/07/07/when-financial-data-comes-home-what-nigerias-new-direction-means-for-ghana/ghanas-digital-ecosystem/","","Infographic showing Ghana’s digital ecosystem, with data centres connected to financial institutions, regulators, cloud providers, internet exchanges, fibre networks, businesses and citizens.","Ghana’s Digital Ecosystem","pending"
"10294","onix-power-cut-02-office-vs-tier-iv-data-centre.png","2026/07/onix-power-cut-02-office-vs-tier-iv-data-centre.png","https://onixdatacentres.com/2026/07/28/what-happens-inside-a-tier-iv-data-centre-during-a-power-cut/onix-power-cut-02-office-vs-tier-iv-data-centre/","","A dark office affected by a power cut contrasted with a fully operational Tier IV data centre, illustrating the difference resilient infrastructure makes.","Not Every Building Reacts the Same Way","pending"
"10298","onix-power-cut-03-ups-instant-response.png","2026/07/onix-power-cut-03-ups-instant-response.png","https://onixdatacentres.com/2026/07/28/what-happens-inside-a-tier-iv-data-centre-during-a-power-cut/onix-power-cut-03-ups-instant-response/","","Electricity seamlessly transfers from the national grid to an uninterruptible power supply before continuing to critical server infrastructure.","Power Never Stops. It Simply Changes Direction.","pending"
"10301","onix-power-cut-04-generators-start.png","2026/07/onix-power-cut-04-generators-start.png","https://onixdatacentres.com/2026/07/28/what-happens-inside-a-tier-iv-data-centre-during-a-power-cut/onix-power-cut-04-generators-start/","","Backup generators automatically assume the electrical load while critical IT systems continue operating inside a Tier IV data centre.","Backup Power Takes Over","pending"
"10303","onix-power-cut-05-data-centre-cutaway.png","2026/07/onix-power-cut-05-data-centre-cutaway.png","https://onixdatacentres.com/2026/07/28/what-happens-inside-a-tier-iv-data-centre-during-a-power-cut/onix-power-cut-05-data-centre-cutaway/","","An architectural cutaway illustrating the interconnected cooling, power, connectivity, fire protection and security systems that support a Tier IV data centre.","It Takes an Entire Ecosystem to Keep One Rack Online","pending"
"10305","onix-power-cut-06-business-continuity.png","2026/07/onix-power-cut-06-business-continuity.png","https://onixdatacentres.com/2026/07/28/what-happens-inside-a-tier-iv-data-centre-during-a-power-cut/onix-power-cut-06-business-continuity/","","Healthcare, finance, telecommunications, logistics, retail, manufacturing, professional services and security operations continue working because they are supported by resilient data centre infrastructure.","While the City Waits, Business Continues","pending"
"10309","light-out-hero-wordpress.jpg","2026/07/light-out-hero-wordpress.jpg","https://onixdatacentres.com/2026/07/28/what-happens-inside-a-tier-iv-data-centre-during-a-power-cut/light-out-hero-wordpress/","","A city experiences a widespread power outage while a Tier IV data centre remains fully operational, symbolising resilient digital infrastructure.","The Lights Go Out. Does Your Business?","pending"